C_max,model,seed,arm,mean_bi,peak_bi,weeks_bi_ge10_pct,weeks_bi_ge5_pct,total_cost,mean_weekly_cost,n_sr,n_sp,episode_return,n_infeasible_weeks,budget_utilisation,rep,eval_seed
2,ppo_c2_s0,0,ppo,2.2585478794155542,7.885136519214123,0.0,7.199999999999999,51.0,1.02,51,0,-0.6198744143594742,0,0.51,0,10000
2,ppo_c2_s0,0,ppo,2.295399038234503,8.70508019085569,0.0,7.199999999999999,49.0,0.98,49,0,-0.6925246179147383,0,0.49,1,10001
2,ppo_c2_s0,0,ppo,2.2733292234481706,8.585777600554403,0.0,8.200000000000001,51.0,1.02,51,0,-0.7281322230451709,0,0.51,2,10002
2,ppo_c2_s0,0,ppo,2.2323508610055263,7.9549121784894385,0.0,7.000000000000001,50.0,1.0,50,0,-0.6720839946567259,0,0.5,3,10003
2,ppo_c2_s0,0,ppo,2.344752443228551,7.47419888044895,0.0,7.6,51.0,1.02,51,0,-0.6513676375218036,0,0.51,4,10004
2,ppo_c2_s0,0,ppo,2.3098448231790654,8.659326909104713,0.0,6.4,51.0,1.02,51,0,-0.7119955792109798,0,0.51,5,10005
2,ppo_c2_s0,0,ppo,2.269458406306539,7.266553698390535,0.0,8.0,49.0,0.98,49,0,-0.6671808281663871,0,0.49,6,10006
2,ppo_c2_s0,0,ppo,2.2885807010048684,7.704103637026934,0.0,7.3999999999999995,51.0,1.02,51,0,-0.6828763767890392,0,0.51,7,10007
2,ppo_c2_s0,0,ppo,2.3657380654478755,7.363361478177297,0.0,8.200000000000001,47.0,0.94,47,0,-0.6375272581701932,0,0.47,8,10008
2,ppo_c2_s0,0,ppo,2.3924572334456253,7.440477166673594,0.0,8.799999999999999,44.0,0.88,44,0,-0.6328224347288048,0,0.44,9,10009
2,ppo_c2_s1,1,ppo,2.2996392319417875,7.457870370139448,0.0,6.4,49.0,0.98,49,0,-0.5887072888233482,0,0.49,0,10000
2,ppo_c2_s1,1,ppo,2.3411157555447804,8.70508019085569,0.0,8.200000000000001,48.0,0.96,48,0,-0.7446131760138988,0,0.48,1,10001
2,ppo_c2_s1,1,ppo,2.2465498166610542,9.392186383195064,0.0,6.0,53.0,1.06,53,0,-0.6776868741842643,0,0.53,2,10002
2,ppo_c2_s1,1,ppo,2.24117321142499,8.19634361290613,0.0,7.199999999999999,48.0,0.96,48,0,-0.6297006109548033,0,0.48,3,10003
2,ppo_c2_s1,1,ppo,2.3370308160668416,8.18717473662043,0.0,6.800000000000001,51.0,1.02,51,0,-0.666484294782268,0,0.51,4,10004
2,ppo_c2_s1,1,ppo,2.3172785445238104,8.659326909104713,0.0,7.3999999999999995,51.0,1.02,51,0,-0.7265815908926128,0,0.51,5,10005
2,ppo_c2_s1,1,ppo,2.2841694560426795,7.589154363986541,0.0,8.0,48.0,0.96,48,0,-0.6424966994592849,0,0.48,6,10006
2,ppo_c2_s1,1,ppo,2.3563743005913333,7.111119192575464,0.0,8.0,47.0,0.94,47,0,-0.5979095818668048,0,0.47,7,10007
2,ppo_c2_s1,1,ppo,2.313184351073932,7.3926067668126985,0.0,6.4,51.0,1.02,51,0,-0.6676283266198798,0,0.51,8,10008
2,ppo_c2_s1,1,ppo,2.3384444549529153,7.247882544238849,0.0,7.8,47.0,0.94,47,0,-0.604181929729135,0,0.47,9,10009
2,ppo_c2_s2,2,ppo,2.3097737190343026,8.149538002142947,0.0,6.800000000000001,48.0,0.96,48,0,-0.6371459317132306,0,0.48,0,10000
2,ppo_c2_s2,2,ppo,2.343656124393882,8.70508019085569,0.0,9.0,47.0,0.94,47,0,-0.6907090720973021,0,0.47,1,10001
2,ppo_c2_s2,2,ppo,2.323773511741775,8.585777600554403,0.0,8.0,48.0,0.96,48,0,-0.7134708690524438,0,0.48,2,10002
2,ppo_c2_s2,2,ppo,2.224963840974813,8.067241462147832,0.0,7.3999999999999995,49.0,0.98,49,0,-0.6397831445648613,0,0.49,3,10003
2,ppo_c2_s2,2,ppo,2.382027213406508,7.851902511516341,0.0,7.8,49.0,0.98,49,0,-0.6445191453993524,0,0.49,4,10004
2,ppo_c2_s2,2,ppo,2.4616766744715495,9.25143592459991,0.0,9.6,42.0,0.84,42,0,-0.7628695983255667,0,0.42,5,10005
2,ppo_c2_s2,2,ppo,2.2885135928965346,7.839607050054032,0.0,7.8,47.0,0.94,47,0,-0.671094879961482,0,0.47,6,10006
2,ppo_c2_s2,2,ppo,2.380900977250213,7.744200473824529,0.0,9.4,46.0,0.92,46,0,-0.6726904173015938,0,0.46,7,10007
2,ppo_c2_s2,2,ppo,2.2858724781481317,8.261627920289122,0.0,6.4,52.0,1.04,52,0,-0.6925399189217226,0,0.52,8,10008
2,ppo_c2_s2,2,ppo,2.320980265369808,7.690973274320591,0.0,8.6,49.0,0.98,49,0,-0.704807459118772,0,0.49,9,10009
2,ppo_c2_s3,3,ppo,2.3414120458882053,7.574075951062567,0.0,8.799999999999999,46.0,0.92,46,0,-0.656414602654622,0,0.46,0,10000
2,ppo_c2_s3,3,ppo,2.274390989221671,7.391072947006663,0.0,7.6,52.0,1.04,52,0,-0.6378710190390271,0,0.52,1,10001
2,ppo_c2_s3,3,ppo,2.297695348274232,7.784562790036554,0.0,6.0,49.0,0.98,49,0,-0.6468450247012374,0,0.49,2,10002
2,ppo_c2_s3,3,ppo,2.238399304756199,8.035284713262138,0.0,6.6000000000000005,48.0,0.96,48,0,-0.6087631403444113,0,0.48,3,10003
2,ppo_c2_s3,3,ppo,2.362976357894664,7.462794909988114,0.0,7.199999999999999,51.0,1.02,51,0,-0.6362647076680404,0,0.51,4,10004
2,ppo_c2_s3,3,ppo,2.3541646948349735,8.659326909104713,0.0,7.8,47.0,0.94,47,0,-0.6781800659970509,0,0.47,5,10005
2,ppo_c2_s3,3,ppo,2.236396208644712,7.736322761219803,0.0,6.800000000000001,50.0,1.0,50,0,-0.6772007736130146,0,0.5,6,10006
2,ppo_c2_s3,3,ppo,2.2834050403462154,7.704103637026934,0.0,8.4,51.0,1.02,51,0,-0.6906335530173452,0,0.51,7,10007
2,ppo_c2_s3,3,ppo,2.335328643736019,7.363361478177297,0.0,7.3999999999999995,48.0,0.96,48,0,-0.6680049938776793,0,0.48,8,10008
2,ppo_c2_s3,3,ppo,2.2635220085778927,7.218847290841529,0.0,7.000000000000001,52.0,1.04,52,0,-0.6665883686635434,0,0.52,9,10009
2,ppo_c2_s4,4,ppo,2.2100292831461474,7.574075951062567,0.0,5.4,54.0,1.08,54,0,-0.6680699943697928,0,0.54,0,10000
2,ppo_c2_s4,4,ppo,2.2126865300041216,7.92145281460439,0.0,6.6000000000000005,55.0,1.1,55,0,-0.7168102088904963,0,0.55,1,10001
2,ppo_c2_s4,4,ppo,2.2836974936696106,9.021674239819625,0.0,7.8,50.0,1.0,50,0,-0.6866896490790253,0,0.5,2,10002
2,ppo_c2_s4,4,ppo,2.2088227287876405,8.132316589478174,0.0,6.6000000000000005,50.0,1.0,50,0,-0.6451416861470666,0,0.5,3,10003
2,ppo_c2_s4,4,ppo,2.3167996743407935,7.455291224429695,0.0,7.199999999999999,53.0,1.06,53,0,-0.7191127850691623,0,0.53,4,10004
2,ppo_c2_s4,4,ppo,2.248929037266097,8.659326909104713,0.0,6.2,54.0,1.08,54,0,-0.7254643491747268,0,0.54,5,10005
2,ppo_c2_s4,4,ppo,2.2600845102083857,7.781674914600138,0.0,8.4,49.0,0.98,49,0,-0.6849642630365143,0,0.49,6,10006
2,ppo_c2_s4,4,ppo,2.2932974974920173,8.37492320770907,0.0,6.0,50.0,1.0,50,0,-0.6663059540871217,0,0.5,7,10007
2,ppo_c2_s4,4,ppo,2.228188384206387,7.751765574877441,0.0,6.0,55.0,1.1,55,0,-0.6843647619375358,0,0.55,8,10008
2,ppo_c2_s4,4,ppo,2.1959957159327343,6.978489497724081,0.0,7.000000000000001,55.0,1.1,55,0,-0.6664479671819143,0,0.55,9,10009
2,ppo_c2_s5,5,ppo,2.2805580771701632,7.456026731863112,0.0,7.000000000000001,50.0,1.0,50,0,-0.6191146778759322,0,0.5,0,10000
2,ppo_c2_s5,5,ppo,2.301565073300412,7.361017660856107,0.0,7.3999999999999995,50.0,1.0,50,0,-0.6407144555895039,0,0.5,1,10001
2,ppo_c2_s5,5,ppo,2.294602349199669,9.392186383195064,0.0,7.000000000000001,51.0,1.02,51,0,-0.6786933250995049,0,0.51,2,10002
2,ppo_c2_s5,5,ppo,2.209440669986554,7.792702155691296,0.0,5.4,51.0,1.02,51,0,-0.6341810218240529,0,0.51,3,10003
2,ppo_c2_s5,5,ppo,2.4137565194784973,7.705353272541164,0.0,8.200000000000001,47.0,0.94,47,0,-0.6115590111406826,0,0.47,4,10004
2,ppo_c2_s5,5,ppo,2.374789413780304,8.659326909104713,0.0,7.6,47.0,0.94,47,0,-0.6874734969775973,0,0.47,5,10005
2,ppo_c2_s5,5,ppo,2.219385676172382,7.470777372005826,0.0,5.4,52.0,1.04,52,0,-0.6323337452708735,0,0.52,6,10006
2,ppo_c2_s5,5,ppo,2.298122860568899,7.111119192575464,0.0,5.800000000000001,51.0,1.02,51,0,-0.613505433733833,0,0.51,7,10007
2,ppo_c2_s5,5,ppo,2.3459975232756025,8.79202342254989,0.0,7.199999999999999,48.0,0.96,48,0,-0.6635272873898277,0,0.48,8,10008
2,ppo_c2_s5,5,ppo,2.2976369266148486,7.028124539101623,0.0,6.2,50.0,1.0,50,0,-0.5864133904784453,0,0.5,9,10009
2,ppo_c2_s6,6,ppo,2.320297945155743,7.574075951062567,0.0,7.000000000000001,47.0,0.94,47,0,-0.634892386576716,0,0.47,0,10000
2,ppo_c2_s6,6,ppo,2.347262828642498,8.70508019085569,0.0,8.4,47.0,0.94,47,0,-0.6918244787490578,0,0.47,1,10001
2,ppo_c2_s6,6,ppo,2.364836573608211,8.072958024948258,0.0,8.6,45.0,0.9,45,0,-0.6372978993699294,0,0.45,2,10002
2,ppo_c2_s6,6,ppo,2.294198206241519,7.895998276551713,0.0,7.6,45.0,0.9,45,0,-0.6190966028988917,0,0.45,3,10003
2,ppo_c2_s6,6,ppo,2.4710404906891004,7.7318078068957625,0.0,8.200000000000001,43.0,0.86,43,0,-0.5889383880077508,0,0.43,4,10004
2,ppo_c2_s6,6,ppo,2.412745565217051,8.659326909104713,0.0,8.4,44.0,0.88,44,0,-0.639973343201062,0,0.44,5,10005
2,ppo_c2_s6,6,ppo,2.2997880970471454,7.537286482818847,0.0,8.4,47.0,0.94,47,0,-0.6341915926730918,0,0.47,6,10006
2,ppo_c2_s6,6,ppo,2.3867557852693135,8.191872680131425,0.0,9.4,45.0,0.9,45,0,-0.6634530694484386,0,0.45,7,10007
2,ppo_c2_s6,6,ppo,2.2445095194429148,7.426897688219703,0.0,6.800000000000001,54.0,1.08,54,0,-0.6571474216130917,0,0.54,8,10008
2,ppo_c2_s6,6,ppo,2.2357032588930967,7.044829748489743,0.0,6.0,53.0,1.06,53,0,-0.6362611466221512,0,0.53,9,10009
2,ppo_c2_s7,7,ppo,2.2791952783848326,7.375222674089697,0.0,6.800000000000001,49.0,0.98,49,0,-0.594142710942503,0,0.49,0,10000
2,ppo_c2_s7,7,ppo,2.3102626958319674,8.70508019085569,0.0,7.199999999999999,50.0,1.0,50,0,-0.693018202066394,0,0.5,1,10001
2,ppo_c2_s7,7,ppo,2.2593596342181104,7.046852569515854,0.0,6.6000000000000005,51.0,1.02,51,0,-0.6041174856313261,0,0.51,2,10002
2,ppo_c2_s7,7,ppo,2.183107202772803,7.986910168311628,0.0,6.4,53.0,1.06,53,0,-0.6775546109782726,0,0.53,3,10003
2,ppo_c2_s7,7,ppo,2.352275142046939,7.830986819646872,0.0,7.6,50.0,1.0,50,0,-0.6539964123699098,0,0.5,4,10004
2,ppo_c2_s7,7,ppo,2.2617094862137126,8.659326909104713,0.0,6.4,55.0,1.1,55,0,-0.7214305756854515,0,0.55,5,10005
2,ppo_c2_s7,7,ppo,2.297458610437977,7.419362785338488,0.0,7.199999999999999,47.0,0.94,47,0,-0.6490455726795977,0,0.47,6,10006
2,ppo_c2_s7,7,ppo,2.288874945017324,7.704103637026934,0.0,7.000000000000001,51.0,1.02,51,0,-0.6430475695169856,0,0.51,7,10007
2,ppo_c2_s7,7,ppo,2.357533517918588,7.3926067668126985,0.0,7.000000000000001,47.0,0.94,47,0,-0.6116787142345363,0,0.47,8,10008
2,ppo_c2_s7,7,ppo,2.334983111581106,7.56153475811312,0.0,6.800000000000001,47.0,0.94,47,0,-0.6020359706639342,0,0.47,9,10009
2,ppo_c2_s8,8,ppo,2.378489841012754,7.657193309938908,0.0,7.8,44.0,0.88,44,0,-0.6256024638315141,0,0.44,0,10000
2,ppo_c2_s8,8,ppo,2.3655644352723986,8.70508019085569,0.0,8.799999999999999,48.0,0.96,48,0,-0.69868947979312,0,0.48,1,10001
2,ppo_c2_s8,8,ppo,2.2816941769778847,7.253870362149814,0.0,7.6,49.0,0.98,49,0,-0.6020610454635946,0,0.49,2,10002
2,ppo_c2_s8,8,ppo,2.2414848033924124,7.958791304477136,0.0,8.0,48.0,0.96,48,0,-0.6266080322204672,0,0.48,3,10003
2,ppo_c2_s8,8,ppo,2.340755143850898,7.68481058104621,0.0,8.200000000000001,51.0,1.02,51,0,-0.6225428804071103,0,0.51,4,10004
2,ppo_c2_s8,8,ppo,2.2678807026612047,8.659326909104713,0.0,5.800000000000001,53.0,1.06,53,0,-0.7136570610845725,0,0.53,5,10005
2,ppo_c2_s8,8,ppo,2.2723567849584048,7.839487545682129,0.0,8.200000000000001,48.0,0.96,48,0,-0.6691071779312012,0,0.48,6,10006
2,ppo_c2_s8,8,ppo,2.335155936134568,7.704103637026934,0.0,8.799999999999999,46.0,0.92,46,0,-0.6016693920409695,0,0.46,7,10007
2,ppo_c2_s8,8,ppo,2.3904722591703704,8.261627920289122,0.0,7.6,45.0,0.9,45,0,-0.6513296264680934,0,0.45,8,10008
2,ppo_c2_s8,8,ppo,2.27904585511767,7.558290190292121,0.0,7.000000000000001,49.0,0.98,49,0,-0.6135599809705836,0,0.49,9,10009
2,ppo_c2_s9,9,ppo,2.3071923737110445,7.347766777952396,0.0,6.800000000000001,48.0,0.96,48,0,-0.6120153393720211,0,0.48,0,10000
2,ppo_c2_s9,9,ppo,2.3252310701797723,8.70508019085569,0.0,7.8,49.0,0.98,49,0,-0.7239497778362263,0,0.49,1,10001
2,ppo_c2_s9,9,ppo,2.313308365166235,7.52011382237611,0.0,8.4,48.0,0.96,48,0,-0.676210782583008,0,0.48,2,10002
2,ppo_c2_s9,9,ppo,2.1903634766086197,7.369433366119896,0.0,6.0,52.0,1.04,52,0,-0.6358271368777488,0,0.52,3,10003
2,ppo_c2_s9,9,ppo,2.300966407820521,8.971254284610232,0.0,6.4,53.0,1.06,53,0,-0.6852893782890639,0,0.53,4,10004
2,ppo_c2_s9,9,ppo,2.294283701615623,8.659326909104713,0.0,6.800000000000001,50.0,1.0,50,0,-0.7010405444887442,0,0.5,5,10005
2,ppo_c2_s9,9,ppo,2.25699872286168,7.411818824428914,0.0,7.8,49.0,0.98,49,0,-0.638903018291995,0,0.49,6,10006
2,ppo_c2_s9,9,ppo,2.3053117208051406,7.704103637026934,0.0,7.199999999999999,50.0,1.0,50,0,-0.6401635585815586,0,0.5,7,10007
2,ppo_c2_s9,9,ppo,2.3179059466544385,7.935715151565363,0.0,6.800000000000001,49.0,0.98,49,0,-0.7161331560218045,0,0.49,8,10008
2,ppo_c2_s9,9,ppo,2.277172051111146,7.307064889001435,0.0,6.2,51.0,1.02,51,0,-0.654392276940867,0,0.51,9,10009
4,ppo_c4_s0,0,ppo,2.141312708603898,7.5921703119098005,0.0,6.2,57.0,1.14,57,0,-0.6929670299879407,0,0.285,0,10000
4,ppo_c4_s0,0,ppo,2.1714987583137826,8.70508019085569,0.0,6.2,58.0,1.16,58,0,-0.8000038636472018,0,0.29,1,10001
4,ppo_c4_s0,0,ppo,2.142135930374434,8.090691170922787,0.0,5.800000000000001,58.0,1.16,58,0,-0.7568935040075055,0,0.29,2,10002
4,ppo_c4_s0,0,ppo,2.1260024369842996,7.942361440380318,0.0,6.4,56.0,1.12,56,0,-0.7006733166517732,0,0.28,3,10003
4,ppo_c4_s0,0,ppo,2.2351861998499016,7.656018176469663,0.0,7.199999999999999,57.0,1.14,57,0,-0.6848437885962082,0,0.285,4,10004
4,ppo_c4_s0,0,ppo,2.1592210481679874,7.262072344350769,0.0,5.6000000000000005,59.0,1.18,59,0,-0.6949556340592538,0,0.295,5,10005
4,ppo_c4_s0,0,ppo,2.1129917054771696,7.123331653224757,0.0,7.000000000000001,58.0,1.16,58,0,-0.7601633285916634,0,0.29,6,10006
4,ppo_c4_s0,0,ppo,2.085046772635482,7.424748167952599,0.0,6.4,63.0,1.26,63,0,-0.7216654237753755,0,0.315,7,10007
4,ppo_c4_s0,0,ppo,2.1874161665857974,8.427218511339694,0.0,7.3999999999999995,58.0,1.16,58,0,-0.7885153263843396,0,0.29,8,10008
4,ppo_c4_s0,0,ppo,2.1609384616833744,7.353041992845202,0.0,6.0,57.0,1.14,57,0,-0.6583404516369935,0,0.285,9,10009
4,ppo_c4_s1,1,ppo,2.13285432944795,7.49421134595461,0.0,4.8,59.0,1.18,59,0,-0.6867707811608378,0,0.295,0,10000
4,ppo_c4_s1,1,ppo,2.1142232533113536,8.235635937843009,0.0,6.2,63.0,1.26,63,0,-0.7889792114043539,0,0.315,1,10001
4,ppo_c4_s1,1,ppo,2.0942185172264627,7.861831811532215,0.0,4.6,60.0,1.2,60,0,-0.7127431578739896,0,0.3,2,10002
4,ppo_c4_s1,1,ppo,2.0643315024847197,7.751895075864621,0.0,4.2,58.0,1.16,58,0,-0.6525546978363914,0,0.29,3,10003
4,ppo_c4_s1,1,ppo,2.1759145750248403,6.735576479218931,0.0,5.800000000000001,60.0,1.2,60,0,-0.6994448442149888,0,0.3,4,10004
4,ppo_c4_s1,1,ppo,2.222740208506225,8.659326909104713,0.0,6.4,55.0,1.1,55,0,-0.7190781961645167,0,0.275,5,10005
4,ppo_c4_s1,1,ppo,2.21557650105743,7.70629879878792,0.0,7.3999999999999995,52.0,1.04,52,0,-0.662423173918188,0,0.26,6,10006
4,ppo_c4_s1,1,ppo,2.206822710674343,7.704103637026934,0.0,5.800000000000001,55.0,1.1,55,0,-0.66484104534993,0,0.275,7,10007
4,ppo_c4_s1,1,ppo,2.250660377912747,7.032556096373634,0.0,6.6000000000000005,54.0,1.08,54,0,-0.6740767454807859,0,0.27,8,10008
4,ppo_c4_s1,1,ppo,2.1460963946182794,7.067520620075378,0.0,5.4,58.0,1.16,58,0,-0.6674619828501673,0,0.29,9,10009
4,ppo_c4_s2,2,ppo,2.0922541519195703,7.574075951062567,0.0,5.2,58.0,1.16,58,0,-0.7039810784666873,0,0.29,0,10000
4,ppo_c4_s2,2,ppo,2.2839345408427776,8.70508019085569,0.0,8.4,50.0,1.0,50,0,-0.7618492072838094,0,0.25,1,10001
4,ppo_c4_s2,2,ppo,2.07522571145192,6.658494546414382,0.0,5.0,58.0,1.16,58,0,-0.6277531570064141,0,0.29,2,10002
4,ppo_c4_s2,2,ppo,2.086351936893676,7.88233496036784,0.0,4.3999999999999995,54.0,1.08,54,0,-0.6645811650904477,0,0.27,3,10003
4,ppo_c4_s2,2,ppo,2.2480733705429623,7.403219105496055,0.0,6.6000000000000005,54.0,1.08,54,0,-0.6563277617807786,0,0.27,4,10004
4,ppo_c4_s2,2,ppo,2.1815514581225672,7.7995053863309245,0.0,7.3999999999999995,54.0,1.08,54,0,-0.7127442348055011,0,0.27,5,10005
4,ppo_c4_s2,2,ppo,2.225588580130016,7.700163059054745,0.0,6.800000000000001,50.0,1.0,50,0,-0.6841430891348259,0,0.25,6,10006
4,ppo_c4_s2,2,ppo,2.171562855762678,7.704103637026934,0.0,5.6000000000000005,56.0,1.12,56,0,-0.726089898758689,0,0.28,7,10007
4,ppo_c4_s2,2,ppo,2.339194315729039,9.045181149084133,0.0,7.3999999999999995,47.0,0.94,47,0,-0.7130601039625151,0,0.235,8,10008
4,ppo_c4_s2,2,ppo,2.1706884432910116,7.173631462073755,0.0,6.2,54.0,1.08,54,0,-0.6575027277047423,0,0.27,9,10009
4,ppo_c4_s3,3,ppo,2.2278414674157765,7.738769888865162,0.0,6.0,51.0,1.02,51,0,-0.6599763219812114,0,0.255,0,10000
4,ppo_c4_s3,3,ppo,2.2334651347315457,7.4395130490296175,0.0,7.8,51.0,1.02,51,0,-0.6465328061222408,0,0.255,1,10001
4,ppo_c4_s3,3,ppo,2.2061188060303762,7.802798022728389,0.0,7.199999999999999,52.0,1.04,52,0,-0.6932299238066298,0,0.26,2,10002
4,ppo_c4_s3,3,ppo,2.1120719767808787,7.872039317932045,0.0,5.6000000000000005,53.0,1.06,53,0,-0.6406797985536965,0,0.265,3,10003
4,ppo_c4_s3,3,ppo,2.2149022125096365,6.747469271500504,0.0,6.0,55.0,1.1,55,0,-0.6245169311737945,0,0.275,4,10004
4,ppo_c4_s3,3,ppo,2.220827061674514,8.659326909104713,0.0,6.4,53.0,1.06,53,0,-0.7071590313578235,0,0.265,5,10005
4,ppo_c4_s3,3,ppo,2.1906800668674493,7.865415696987972,0.0,7.199999999999999,51.0,1.02,51,0,-0.6989318396229796,0,0.255,6,10006
4,ppo_c4_s3,3,ppo,2.2563093285696376,7.421045639402881,0.0,6.4,51.0,1.02,51,0,-0.6347895721388362,0,0.255,7,10007
4,ppo_c4_s3,3,ppo,2.3148563078586606,8.149792476029424,0.0,7.199999999999999,48.0,0.96,48,0,-0.6754403072268579,0,0.24,8,10008
4,ppo_c4_s3,3,ppo,2.228599804265873,7.540336027074164,0.0,5.800000000000001,51.0,1.02,51,0,-0.6646784118072351,0,0.255,9,10009
4,ppo_c4_s4,4,ppo,2.142795932998985,7.140007823905005,0.0,4.8,55.0,1.1,55,0,-0.6535007766653829,0,0.275,0,10000
4,ppo_c4_s4,4,ppo,2.2232759367551393,8.70508019085569,0.0,7.6,52.0,1.04,52,0,-0.7172451623792644,0,0.26,1,10001
4,ppo_c4_s4,4,ppo,2.1211187166528624,7.5058660280036555,0.0,6.4,56.0,1.12,56,0,-0.6769714975012826,0,0.28,2,10002
4,ppo_c4_s4,4,ppo,2.1763359363963626,8.273174316191435,0.0,6.6000000000000005,49.0,0.98,49,0,-0.6613803992633934,0,0.245,3,10003
4,ppo_c4_s4,4,ppo,2.1943147127944234,8.159493341878669,0.0,5.800000000000001,57.0,1.14,57,0,-0.7303840271367061,0,0.285,4,10004
4,ppo_c4_s4,4,ppo,2.2574275912841837,7.7995053863309245,0.0,7.6,51.0,1.02,51,0,-0.6471182033743413,0,0.255,5,10005
4,ppo_c4_s4,4,ppo,2.2301724278674593,7.7070741322673895,0.0,8.0,49.0,0.98,49,0,-0.7149223489220925,0,0.245,6,10006
4,ppo_c4_s4,4,ppo,2.288664207138129,7.823964460631318,0.0,9.4,50.0,1.0,50,0,-0.7347347708291097,0,0.25,7,10007
4,ppo_c4_s4,4,ppo,2.2747247745548616,7.363361478177297,0.0,7.6,49.0,0.98,49,0,-0.6708183771731762,0,0.245,8,10008
4,ppo_c4_s4,4,ppo,2.2050318235054847,6.928244157236985,0.0,6.0,52.0,1.04,52,0,-0.6010477724417534,0,0.26,9,10009
4,ppo_c4_s5,5,ppo,2.2769707312681917,7.633338475445782,0.0,8.4,49.0,0.98,49,0,-0.6678616804749942,0,0.245,0,10000
4,ppo_c4_s5,5,ppo,2.2257788070194873,8.70508019085569,0.0,7.000000000000001,52.0,1.04,52,0,-0.7350451743511668,0,0.26,1,10001
4,ppo_c4_s5,5,ppo,2.2511929691480543,7.396252159223878,0.0,6.0,50.0,1.0,50,0,-0.6181115522691806,0,0.25,2,10002
4,ppo_c4_s5,5,ppo,2.1397931867816204,8.071501628544057,0.0,5.4,54.0,1.08,54,0,-0.6303316551155493,0,0.27,3,10003
4,ppo_c4_s5,5,ppo,2.260370639868225,7.66223502914266,0.0,6.6000000000000005,54.0,1.08,54,0,-0.6636227839757949,0,0.27,4,10004
4,ppo_c4_s5,5,ppo,2.2162824959412735,8.659326909104713,0.0,6.2,55.0,1.1,55,0,-0.7413352335319593,0,0.275,5,10005
4,ppo_c4_s5,5,ppo,2.2383447749341014,7.7268691915380865,0.0,6.6000000000000005,51.0,1.02,51,0,-0.7048790896681404,0,0.255,6,10006
4,ppo_c4_s5,5,ppo,2.2483804118108064,7.704103637026934,0.0,7.000000000000001,53.0,1.06,53,0,-0.6540762376114242,0,0.265,7,10007
4,ppo_c4_s5,5,ppo,2.231250234363415,7.8227546822326826,0.0,6.2,54.0,1.08,54,0,-0.7288914165043203,0,0.27,8,10008
4,ppo_c4_s5,5,ppo,2.145252962698494,6.822729129380763,0.0,6.2,56.0,1.12,56,0,-0.6595979261804583,0,0.28,9,10009
4,ppo_c4_s6,6,ppo,2.1594404175014024,7.533075931444496,0.0,5.4,55.0,1.1,55,0,-0.6644850535639566,0,0.275,0,10000
4,ppo_c4_s6,6,ppo,2.299238762924324,7.604321843490334,0.0,8.6,50.0,1.0,50,0,-0.7351899845886632,0,0.25,1,10001
4,ppo_c4_s6,6,ppo,2.21113609971742,8.090084403771442,0.0,8.799999999999999,53.0,1.06,53,0,-0.8047165039630175,0,0.265,2,10002
4,ppo_c4_s6,6,ppo,2.111481413371344,7.772602566573789,0.0,5.6000000000000005,54.0,1.08,54,0,-0.6854011926705339,0,0.27,3,10003
4,ppo_c4_s6,6,ppo,2.3376119357553033,8.147874933486998,0.0,8.0,51.0,1.02,51,0,-0.6829713210956785,0,0.255,4,10004
4,ppo_c4_s6,6,ppo,2.130606252896492,7.7995053863309245,0.0,6.4,58.0,1.16,58,0,-0.713828860524208,0,0.29,5,10005
4,ppo_c4_s6,6,ppo,2.179088503490603,7.77112075751485,0.0,6.800000000000001,54.0,1.08,54,0,-0.7257581635042193,0,0.27,6,10006
4,ppo_c4_s6,6,ppo,2.255505467353768,7.704103637026934,0.0,8.0,52.0,1.04,52,0,-0.6866480491219225,0,0.26,7,10007
4,ppo_c4_s6,6,ppo,2.244244208942383,8.10821519240745,0.0,7.199999999999999,52.0,1.04,52,0,-0.7120096336737793,0,0.26,8,10008
4,ppo_c4_s6,6,ppo,2.1563681797962366,7.0978814609496,0.0,5.4,55.0,1.1,55,0,-0.6451065897217569,0,0.275,9,10009
4,ppo_c4_s7,7,ppo,2.1758225518147984,7.477091013767837,0.0,6.4,54.0,1.08,54,0,-0.6448349093768247,0,0.27,0,10000
4,ppo_c4_s7,7,ppo,2.1762494523968097,7.757565160159105,0.0,8.0,55.0,1.1,55,0,-0.6905882253212621,0,0.275,1,10001
4,ppo_c4_s7,7,ppo,2.313972530252324,8.585777600554403,0.0,7.6,48.0,0.96,48,0,-0.6742357229128849,0,0.24,2,10002
4,ppo_c4_s7,7,ppo,2.142827901105832,7.981633168928078,0.0,5.2,53.0,1.06,53,0,-0.6405497909136019,0,0.265,3,10003
4,ppo_c4_s7,7,ppo,2.325761702678771,8.147874933486998,0.0,7.6,53.0,1.06,53,0,-0.6920656782075835,0,0.265,4,10004
4,ppo_c4_s7,7,ppo,2.2655490712234276,8.659326909104713,0.0,6.4,52.0,1.04,52,0,-0.7353008504030333,0,0.26,5,10005
4,ppo_c4_s7,7,ppo,2.286123649904348,7.529298282179566,0.0,8.0,48.0,0.96,48,0,-0.6694780977161194,0,0.24,6,10006
4,ppo_c4_s7,7,ppo,2.3475477195621344,7.373426760574417,0.0,10.2,48.0,0.96,48,0,-0.6653116780705335,0,0.24,7,10007
4,ppo_c4_s7,7,ppo,2.3941649919007624,8.261627920289122,0.0,8.0,46.0,0.92,46,0,-0.6553013439203677,0,0.23,8,10008
4,ppo_c4_s7,7,ppo,2.247260162430409,7.949488917098094,0.0,5.800000000000001,52.0,1.04,52,0,-0.6893390834022282,0,0.26,9,10009
4,ppo_c4_s8,8,ppo,2.1480389052052513,7.440760219272097,0.0,7.000000000000001,57.0,1.14,57,0,-0.6991464117540236,0,0.285,0,10000
4,ppo_c4_s8,8,ppo,2.1624922014351124,8.70508019085569,0.0,6.6000000000000005,58.0,1.16,58,0,-0.8097283403167422,0,0.29,1,10001
4,ppo_c4_s8,8,ppo,2.2415771381674374,7.363399260611964,0.0,8.799999999999999,53.0,1.06,53,0,-0.6998174192956732,0,0.265,2,10002
4,ppo_c4_s8,8,ppo,2.1513084660952555,7.765765658680019,0.0,5.800000000000001,56.0,1.12,56,0,-0.6950385523676901,0,0.28,3,10003
4,ppo_c4_s8,8,ppo,2.2129497079006515,7.523879085167238,0.0,5.6000000000000005,58.0,1.16,58,0,-0.6387080734636336,0,0.29,4,10004
4,ppo_c4_s8,8,ppo,2.2749681116492777,8.659326909104713,0.0,6.800000000000001,54.0,1.08,54,0,-0.7381207441496607,0,0.27,5,10005
4,ppo_c4_s8,8,ppo,2.1638859781405846,7.339233270975479,0.0,7.6,55.0,1.1,55,0,-0.708248432598371,0,0.275,6,10006
4,ppo_c4_s8,8,ppo,2.1382364735839396,7.111119192575464,0.0,6.4,59.0,1.18,59,0,-0.7144235713108078,0,0.295,7,10007
4,ppo_c4_s8,8,ppo,2.2400352938855623,7.363361478177297,0.0,6.4,54.0,1.08,54,0,-0.6923052885062322,0,0.27,8,10008
4,ppo_c4_s8,8,ppo,2.2098389426078975,7.491092874044066,0.0,6.0,55.0,1.1,55,0,-0.6900122812637989,0,0.275,9,10009
4,ppo_c4_s9,9,ppo,2.1003755576561587,7.429123676237677,0.0,5.4,57.0,1.14,57,0,-0.6562835410044522,0,0.285,0,10000
4,ppo_c4_s9,9,ppo,2.1013544344427144,8.70508019085569,0.0,5.800000000000001,59.0,1.18,59,0,-0.7294855478101971,0,0.295,1,10001
4,ppo_c4_s9,9,ppo,2.0448490378941484,7.258593402013061,0.0,4.2,63.0,1.26,63,0,-0.688119015784824,0,0.315,2,10002
4,ppo_c4_s9,9,ppo,1.9424876395899824,7.566834718149014,0.0,3.0,63.0,1.26,63,0,-0.6881063105655165,0,0.315,3,10003
4,ppo_c4_s9,9,ppo,2.17794421961337,7.5311242109641565,0.0,6.0,58.0,1.16,58,0,-0.7293219897264418,0,0.29,4,10004
4,ppo_c4_s9,9,ppo,2.158801976125756,8.659326909104713,0.0,5.2,58.0,1.16,58,0,-0.7048088205879993,0,0.29,5,10005
4,ppo_c4_s9,9,ppo,2.045879412030646,7.131904583827431,0.0,4.0,60.0,1.2,60,0,-0.6459899893473112,0,0.3,6,10006
4,ppo_c4_s9,9,ppo,2.0663516041511736,7.704103637026934,0.0,5.0,61.0,1.22,61,0,-0.720238893182066,0,0.305,7,10007
4,ppo_c4_s9,9,ppo,2.0907220010503433,9.119295703060107,0.0,3.5999999999999996,61.0,1.22,61,0,-0.7328952124844932,0,0.305,8,10008
4,ppo_c4_s9,9,ppo,2.1161605475626337,7.820530581617884,0.0,5.800000000000001,57.0,1.14,57,0,-0.7181917583595061,0,0.285,9,10009
6,ppo_c6_s0,0,ppo,2.216230947234381,7.52784740897907,0.0,7.6,56.0,1.12,56,0,-0.7528654089932435,0,0.18666666666666668,0,10000
6,ppo_c6_s0,0,ppo,2.220658262549734,8.381562193921008,0.0,7.8,55.0,1.1,55,0,-0.7976316864027276,0,0.18333333333333335,1,10001
6,ppo_c6_s0,0,ppo,2.123699319691187,7.0868822585143745,0.0,6.4,61.0,1.22,61,0,-0.7115473140224324,0,0.20333333333333334,2,10002
6,ppo_c6_s0,0,ppo,2.1624389376978566,8.233592922245412,0.0,7.6,55.0,1.1,55,0,-0.7322078622482802,0,0.18333333333333335,3,10003
6,ppo_c6_s0,0,ppo,2.2257872544182247,7.710475514166649,0.0,7.000000000000001,58.0,1.16,58,0,-0.7442299253652047,0,0.19333333333333333,4,10004
6,ppo_c6_s0,0,ppo,2.2520700386822567,8.659326909104713,0.0,7.3999999999999995,53.0,1.06,53,0,-0.7151568369897832,0,0.17666666666666667,5,10005
6,ppo_c6_s0,0,ppo,2.0774392048631034,6.959205248045812,0.0,4.8,60.0,1.2,60,0,-0.6996264935502965,0,0.19999999999999998,6,10006
6,ppo_c6_s0,0,ppo,2.1134479846257164,7.111119192575464,0.0,6.4,61.0,1.22,61,0,-0.694959833225182,0,0.20333333333333334,7,10007
6,ppo_c6_s0,0,ppo,2.2544961736201374,8.624965682183072,0.0,6.2,54.0,1.08,54,0,-0.704395762934283,0,0.18000000000000002,8,10008
6,ppo_c6_s0,0,ppo,2.1774434848699955,7.5077634635204165,0.0,5.6000000000000005,56.0,1.12,56,0,-0.7133613310397097,0,0.18666666666666668,9,10009
6,ppo_c6_s1,1,ppo,2.1444641541134093,7.775835168028487,0.0,7.000000000000001,58.0,1.16,58,0,-0.7481625925070539,0,0.19333333333333333,0,10000
6,ppo_c6_s1,1,ppo,2.0924353825232567,7.61403714493733,0.0,6.2,62.0,1.24,62,0,-0.7355530831795233,0,0.20666666666666667,1,10001
6,ppo_c6_s1,1,ppo,2.084827827628909,7.76532434800024,0.0,6.4,61.0,1.22,61,0,-0.7883703359140328,0,0.20333333333333334,2,10002
6,ppo_c6_s1,1,ppo,2.001174491287807,8.024240428636665,0.0,5.6000000000000005,63.0,1.26,63,0,-0.7652066824130368,0,0.21,3,10003
6,ppo_c6_s1,1,ppo,2.1463834107148076,8.336541443928581,0.0,6.4,62.0,1.24,62,0,-0.7364468219647006,0,0.20666666666666667,4,10004
6,ppo_c6_s1,1,ppo,2.118114722163967,8.659326909104713,0.0,5.6000000000000005,61.0,1.22,61,0,-0.7573782662875735,0,0.20333333333333334,5,10005
6,ppo_c6_s1,1,ppo,2.200434587578382,7.567108271401706,0.0,9.0,56.0,1.12,56,0,-0.688423815037474,0,0.18666666666666668,6,10006
6,ppo_c6_s1,1,ppo,2.123160961737667,7.704103637026934,0.0,7.199999999999999,59.0,1.18,59,0,-0.7686058153850448,0,0.19666666666666666,7,10007
6,ppo_c6_s1,1,ppo,2.009292660421182,7.851196157893021,0.0,4.3999999999999995,67.0,1.34,67,0,-0.7816424650085195,0,0.22333333333333336,8,10008
6,ppo_c6_s1,1,ppo,2.068732334490763,7.860899741060227,0.0,5.4,63.0,1.26,63,0,-0.7788507075372364,0,0.21,9,10009
6,ppo_c6_s2,2,ppo,2.0154221602777844,7.442860369008484,0.0,7.000000000000001,72.0,1.44,72,0,-0.8162787986297146,0,0.24,0,10000
6,ppo_c6_s2,2,ppo,2.130048025210356,8.70508019085569,0.0,7.199999999999999,68.0,1.36,68,0,-0.915340298133671,0,0.22666666666666668,1,10001
6,ppo_c6_s2,2,ppo,2.1378334556031113,7.411928240455142,0.0,8.0,65.0,1.3,65,0,-0.7896246155527078,0,0.21666666666666667,2,10002
6,ppo_c6_s2,2,ppo,2.0599132096127595,9.322694330981069,0.0,6.4,67.0,1.34,67,0,-0.8892953029485946,0,0.22333333333333336,3,10003
6,ppo_c6_s2,2,ppo,2.1507809635811745,7.5311242109641565,0.0,7.199999999999999,69.0,1.38,69,0,-0.8461159154550524,0,0.22999999999999998,4,10004
6,ppo_c6_s2,2,ppo,2.0873183277094456,7.7995053863309245,0.0,6.800000000000001,70.0,1.4,70,0,-0.8642381651340807,0,0.2333333333333333,5,10005
6,ppo_c6_s2,2,ppo,2.0172719024226193,7.327808286169148,0.0,6.4,73.0,1.46,73,0,-0.8405422177521047,0,0.24333333333333332,6,10006
6,ppo_c6_s2,2,ppo,2.0621369371930087,8.254541857142012,0.0,5.800000000000001,72.0,1.44,72,0,-0.9163715107612501,0,0.24,7,10007
6,ppo_c6_s2,2,ppo,2.0562324856959906,7.363361478177297,0.0,5.800000000000001,73.0,1.46,73,0,-0.8371627883751231,0,0.24333333333333332,8,10008
6,ppo_c6_s2,2,ppo,2.029364331778787,7.396758461323725,0.0,4.8,73.0,1.46,73,0,-0.8186298217334189,0,0.24333333333333332,9,10009
6,ppo_c6_s3,3,ppo,2.079387287889023,7.886855405878485,0.0,7.000000000000001,76.0,1.52,76,0,-0.998724955686604,0,0.25333333333333335,0,10000
6,ppo_c6_s3,3,ppo,1.9566307057841437,7.465004457365101,0.0,5.2,83.0,1.66,83,0,-0.9478145473134585,0,0.27666666666666667,1,10001
6,ppo_c6_s3,3,ppo,2.0126967890945258,7.374350785219326,0.0,5.800000000000001,79.0,1.58,79,0,-0.9228435622914304,0,0.26333333333333336,2,10002
6,ppo_c6_s3,3,ppo,2.0029253130416915,8.911500169681423,0.0,5.6000000000000005,77.0,1.54,77,0,-0.981882148843625,0,0.25666666666666665,3,10003
6,ppo_c6_s3,3,ppo,2.0794569207551037,7.707498301615994,0.0,5.6000000000000005,79.0,1.58,79,0,-0.912359676274788,0,0.26333333333333336,4,10004
6,ppo_c6_s3,3,ppo,2.0690507584683884,7.7995053863309245,0.0,6.2,79.0,1.58,79,0,-0.9293469218866147,0,0.26333333333333336,5,10005
6,ppo_c6_s3,3,ppo,1.988813928520684,7.132501032277096,0.0,6.800000000000001,79.0,1.58,79,0,-0.9041671558073321,0,0.26333333333333336,6,10006
6,ppo_c6_s3,3,ppo,2.0720698859965494,7.230817278405434,0.0,5.6000000000000005,77.0,1.54,77,0,-0.876422116582687,0,0.25666666666666665,7,10007
6,ppo_c6_s3,3,ppo,2.012755968274881,7.8736547723703465,0.0,6.2,78.0,1.56,78,0,-0.9237835582050538,0,0.26,8,10008
6,ppo_c6_s3,3,ppo,2.0062266508862954,7.782842788580875,0.0,4.8,79.0,1.58,79,0,-0.9337608199243255,0,0.26333333333333336,9,10009
6,ppo_c6_s4,4,ppo,2.1238160717411603,8.149538002142947,0.0,6.800000000000001,70.0,1.4,70,0,-0.9631013269763403,0,0.2333333333333333,0,10000
6,ppo_c6_s4,4,ppo,1.935519150201827,8.327359625787674,0.0,5.6000000000000005,78.0,1.56,78,0,-0.9168992690158126,0,0.26,1,10001
6,ppo_c6_s4,4,ppo,2.2100749246805216,8.33816987909888,0.0,9.4,67.0,1.34,67,0,-0.948650043189135,0,0.22333333333333336,2,10002
6,ppo_c6_s4,4,ppo,1.9740233877877404,7.645429891248545,0.0,3.5999999999999996,74.0,1.48,74,0,-0.824554426817773,0,0.24666666666666667,3,10003
6,ppo_c6_s4,4,ppo,2.1453420577422437,7.7926882732134874,0.0,7.000000000000001,72.0,1.44,72,0,-0.9212744244534006,0,0.24,4,10004
6,ppo_c6_s4,4,ppo,2.0873450575382866,8.659326909104713,0.0,5.0,73.0,1.46,73,0,-0.9232654397795527,0,0.24333333333333332,5,10005
6,ppo_c6_s4,4,ppo,2.0603885124399843,9.298241701200714,0.0,5.800000000000001,71.0,1.42,71,0,-0.9216667634477116,0,0.23666666666666666,6,10006
6,ppo_c6_s4,4,ppo,2.0215026506974065,6.9263162790344674,0.0,7.3999999999999995,77.0,1.54,77,0,-0.8526817911771372,0,0.25666666666666665,7,10007
6,ppo_c6_s4,4,ppo,2.011035238376675,6.883845871537347,0.0,5.2,74.0,1.48,74,0,-0.8210638412991538,0,0.24666666666666667,8,10008
6,ppo_c6_s4,4,ppo,2.047028217749158,7.700336720311246,0.0,5.2,72.0,1.44,72,0,-0.8522225152702984,0,0.24,9,10009
6,ppo_c6_s5,5,ppo,2.1665804933863533,7.579737187638145,0.0,6.4,55.0,1.1,55,0,-0.7107768911753266,0,0.18333333333333335,0,10000
6,ppo_c6_s5,5,ppo,1.9568545210670962,8.70508019085569,0.0,5.6000000000000005,68.0,1.36,68,0,-0.8381023121994371,0,0.22666666666666668,1,10001
6,ppo_c6_s5,5,ppo,2.0229157977111503,7.344289889276992,0.0,6.800000000000001,63.0,1.26,63,0,-0.7351732422014687,0,0.21,2,10002
6,ppo_c6_s5,5,ppo,1.8846833446597333,7.682897013431928,0.0,4.6,66.0,1.32,66,0,-0.782124593512493,0,0.22,3,10003
6,ppo_c6_s5,5,ppo,2.1446616688520033,8.150850117425488,0.0,5.6000000000000005,60.0,1.2,60,0,-0.7657452617289783,0,0.19999999999999998,4,10004
6,ppo_c6_s5,5,ppo,2.012601991830512,8.659326909104713,0.0,5.800000000000001,65.0,1.3,65,0,-0.8010876494469895,0,0.21666666666666667,5,10005
6,ppo_c6_s5,5,ppo,2.0707254881337613,7.756172809519826,0.0,5.6000000000000005,59.0,1.18,59,0,-0.8044268841296367,0,0.19666666666666666,6,10006
6,ppo_c6_s5,5,ppo,2.1433363098669385,7.704103637026934,0.0,6.800000000000001,58.0,1.16,58,0,-0.733318539105851,0,0.19333333333333333,7,10007
6,ppo_c6_s5,5,ppo,2.1930041894380805,9.120557668710736,0.0,6.6000000000000005,53.0,1.06,53,0,-0.7779317025182038,0,0.17666666666666667,8,10008
6,ppo_c6_s5,5,ppo,2.016951149038046,7.561900944469591,0.0,6.2,63.0,1.26,63,0,-0.7595240006383996,0,0.21,9,10009
6,ppo_c6_s6,6,ppo,2.1952452676162593,7.2081223414725,0.0,7.6,56.0,1.12,56,0,-0.7314350595351572,0,0.18666666666666668,0,10000
6,ppo_c6_s6,6,ppo,2.1346157853241072,7.358441819550535,0.0,9.0,67.0,1.34,67,0,-0.8288241390766984,0,0.22333333333333336,1,10001
6,ppo_c6_s6,6,ppo,2.0781173470273404,7.28850160398342,0.0,6.4,66.0,1.32,66,0,-0.7740977601824798,0,0.22,2,10002
6,ppo_c6_s6,6,ppo,2.045359788309573,7.323399653138507,0.0,6.6000000000000005,61.0,1.22,61,0,-0.7361227485295478,0,0.20333333333333334,3,10003
6,ppo_c6_s6,6,ppo,2.2688991008196235,8.760417177163067,0.0,7.199999999999999,60.0,1.2,60,0,-0.7873676686305269,0,0.19999999999999998,4,10004
6,ppo_c6_s6,6,ppo,2.1874718085964875,8.659326909104713,0.0,6.4,59.0,1.18,59,0,-0.8029482550870017,0,0.19666666666666666,5,10005
6,ppo_c6_s6,6,ppo,2.1236335104526356,7.611784278772909,0.0,7.000000000000001,61.0,1.22,61,0,-0.7732481907316022,0,0.20333333333333334,6,10006
6,ppo_c6_s6,6,ppo,2.171303128618896,7.174125061871689,0.0,6.4,63.0,1.26,63,0,-0.7697125582099597,0,0.21,7,10007
6,ppo_c6_s6,6,ppo,2.213985886254406,8.022918395969848,0.0,6.800000000000001,58.0,1.16,58,0,-0.7500603128776613,0,0.19333333333333333,8,10008
6,ppo_c6_s6,6,ppo,2.069222226654919,7.487075984725106,0.0,6.2,66.0,1.32,66,0,-0.7817211637790316,0,0.22,9,10009
6,ppo_c6_s7,7,ppo,1.9759284071938354,7.297932083972733,0.0,5.2,77.0,1.54,77,0,-0.8615799402760118,0,0.25666666666666665,0,10000
6,ppo_c6_s7,7,ppo,2.0154715912512513,7.557825231790774,0.0,6.6000000000000005,78.0,1.56,78,0,-0.91243875844595,0,0.26,1,10001
6,ppo_c6_s7,7,ppo,1.9550121648889178,6.803256309826696,0.0,4.8,80.0,1.6,80,0,-0.8712897271750011,0,0.26666666666666666,2,10002
6,ppo_c6_s7,7,ppo,2.04940325743609,7.963638918284027,0.0,6.800000000000001,73.0,1.46,73,0,-0.920897130211322,0,0.24333333333333332,3,10003
6,ppo_c6_s7,7,ppo,2.067612558913252,7.566573193888469,0.0,5.6000000000000005,77.0,1.54,77,0,-0.9248400589551202,0,0.25666666666666665,4,10004
6,ppo_c6_s7,7,ppo,2.038161729833423,8.659326909104713,0.0,5.800000000000001,77.0,1.54,77,0,-0.9355347205109465,0,0.25666666666666665,5,10005
6,ppo_c6_s7,7,ppo,2.00158363812738,7.428944732054503,0.0,5.800000000000001,76.0,1.52,76,0,-0.8810275134301823,0,0.25333333333333335,6,10006
6,ppo_c6_s7,7,ppo,1.9339664233143181,7.704103637026934,0.0,3.8,81.0,1.62,81,0,-0.8863878170485422,0,0.27,7,10007
6,ppo_c6_s7,7,ppo,1.961224166330224,7.363361478177297,0.0,5.800000000000001,81.0,1.62,81,0,-0.9070705264147787,0,0.27,8,10008
6,ppo_c6_s7,7,ppo,1.8346178428868833,7.31538334668866,0.0,4.6,85.0,1.7,85,0,-0.9319855935919215,0,0.2833333333333333,9,10009
6,ppo_c6_s8,8,ppo,1.8527136840497016,7.399628300879124,0.0,4.6,87.0,1.74,87,0,-0.9215392587607555,0,0.29,0,10000
6,ppo_c6_s8,8,ppo,2.043006948995719,7.3650881881218,0.0,6.4,79.0,1.58,79,0,-0.878430977748812,0,0.26333333333333336,1,10001
6,ppo_c6_s8,8,ppo,2.0576727574798683,7.651948876049175,0.0,6.6000000000000005,79.0,1.58,79,0,-0.8931640224161684,0,0.26333333333333336,2,10002
6,ppo_c6_s8,8,ppo,1.8276411304983713,7.471062333986075,0.0,3.8,85.0,1.7,85,0,-0.9247147447363704,0,0.2833333333333333,3,10003
6,ppo_c6_s8,8,ppo,2.0238931824531217,7.43920136209456,0.0,5.4,81.0,1.62,81,0,-0.8678999070564726,0,0.27,4,10004
6,ppo_c6_s8,8,ppo,1.935315493910468,8.659326909104713,0.0,3.5999999999999996,85.0,1.7,85,0,-1.0069023845680714,0,0.2833333333333333,5,10005
6,ppo_c6_s8,8,ppo,1.951280684682246,7.817822196612996,0.0,4.8,82.0,1.64,82,0,-0.9626607693088368,0,0.2733333333333333,6,10006
6,ppo_c6_s8,8,ppo,2.0077892197775324,7.964062503390749,0.0,4.8,81.0,1.62,81,0,-0.8969777482732662,0,0.27,7,10007
6,ppo_c6_s8,8,ppo,1.9743169288601439,6.892137868523276,0.0,4.6,82.0,1.64,82,0,-0.9147390255927483,0,0.2733333333333333,8,10008
6,ppo_c6_s8,8,ppo,1.9779247024544806,6.952771202285017,0.0,5.2,81.0,1.62,81,0,-0.8901367532837361,0,0.27,9,10009
6,ppo_c6_s9,9,ppo,2.0812404603331194,7.368544184138989,0.0,6.6000000000000005,60.0,1.2,60,0,-0.7210050474042535,0,0.19999999999999998,0,10000
6,ppo_c6_s9,9,ppo,2.116772041296117,7.9832629640953465,0.0,7.3999999999999995,62.0,1.24,62,0,-0.8226543861857665,0,0.20666666666666667,1,10001
6,ppo_c6_s9,9,ppo,2.069616496281699,7.1879146902132645,0.0,6.2,66.0,1.32,66,0,-0.739885339754253,0,0.22,2,10002
6,ppo_c6_s9,9,ppo,2.0842879003130474,8.222444008553557,0.0,7.000000000000001,60.0,1.2,60,0,-0.7870017234089236,0,0.19999999999999998,3,10003
6,ppo_c6_s9,9,ppo,2.208861798387464,8.792608391901181,0.0,7.3999999999999995,59.0,1.18,59,0,-0.7939163836821362,0,0.19666666666666666,4,10004
6,ppo_c6_s9,9,ppo,2.1216732346209337,8.659326909104713,0.0,6.0,63.0,1.26,63,0,-0.8631993147729439,0,0.21,5,10005
6,ppo_c6_s9,9,ppo,2.146226172261816,7.115523868235003,0.0,6.800000000000001,58.0,1.16,58,0,-0.7159961181595318,0,0.19333333333333333,6,10006
6,ppo_c6_s9,9,ppo,2.1428372706532848,7.709128634136417,0.0,6.0,61.0,1.22,61,0,-0.7277232251750549,0,0.20333333333333334,7,10007
6,ppo_c6_s9,9,ppo,2.0776935424130563,8.030653438784434,0.0,5.4,65.0,1.3,65,0,-0.8209521583081947,0,0.21666666666666667,8,10008
6,ppo_c6_s9,9,ppo,2.1270810947532883,7.770591979952302,0.0,6.800000000000001,59.0,1.18,59,0,-0.7386821696315795,0,0.19666666666666666,9,10009
8,ppo_c8_s0,0,ppo,1.9854669621482812,7.886855405878485,0.0,6.6000000000000005,83.0,1.66,83,0,-0.9930044904395068,0,0.2075,0,10000
8,ppo_c8_s0,0,ppo,2.001756581294256,8.570890579749163,0.0,8.4,87.0,1.74,87,0,-1.1267289491407335,0,0.2175,1,10001
8,ppo_c8_s0,0,ppo,1.8987341518254275,9.021674239819625,0.0,6.2,93.0,1.86,93,0,-1.1033297612941828,0,0.2325,2,10002
8,ppo_c8_s0,0,ppo,1.9775237387182283,8.559950605623897,0.0,8.0,87.0,1.74,87,0,-1.1296997580093353,0,0.2175,3,10003
8,ppo_c8_s0,0,ppo,2.0727489530853345,9.09560629683956,0.0,7.3999999999999995,87.0,1.74,87,0,-1.1626781829695099,0,0.2175,4,10004
8,ppo_c8_s0,0,ppo,1.9770825305990443,7.7995053863309245,0.0,6.2,89.0,1.78,89,0,-1.0940742325456478,0,0.2225,5,10005
8,ppo_c8_s0,0,ppo,1.8829668625284335,8.317941988669933,0.0,6.4,89.0,1.78,89,0,-1.0920294504515384,0,0.2225,6,10006
8,ppo_c8_s0,0,ppo,1.884967610323295,7.280271777120183,0.0,7.000000000000001,90.0,1.8,90,0,-1.0147435918545429,0,0.225,7,10007
8,ppo_c8_s0,0,ppo,1.89742239028921,7.223478549180641,0.0,4.8,91.0,1.82,91,0,-1.015718650287546,0,0.2275,8,10008
8,ppo_c8_s0,0,ppo,1.8788818156686993,7.594113369667905,0.0,5.4,92.0,1.84,92,0,-1.0524737054637172,0,0.23,9,10009
8,ppo_c8_s1,1,ppo,1.7689676952291085,7.390603685043565,0.0,3.5999999999999996,81.0,1.62,81,0,-0.8565482019420052,0,0.2025,0,10000
8,ppo_c8_s1,1,ppo,1.9259603900895905,7.772459551924185,0.0,6.0,73.0,1.46,73,0,-0.8598371812195198,0,0.1825,1,10001
8,ppo_c8_s1,1,ppo,1.9015380977575507,7.539803401240405,0.0,4.6,77.0,1.54,77,0,-0.8443451724540113,0,0.1925,2,10002
8,ppo_c8_s1,1,ppo,1.827048471847726,7.8629564909609035,0.0,3.4000000000000004,77.0,1.54,77,0,-0.8413909132247586,0,0.1925,3,10003
8,ppo_c8_s1,1,ppo,1.9208475831809888,7.743236600868255,0.0,5.0,79.0,1.58,79,0,-0.8920897787141855,0,0.1975,4,10004
8,ppo_c8_s1,1,ppo,1.9100485823241413,7.5271242514170424,0.0,4.6,78.0,1.56,78,0,-0.8586026065403654,0,0.195,5,10005
8,ppo_c8_s1,1,ppo,1.7561755764554319,7.4982139504396645,0.0,3.8,82.0,1.64,82,0,-0.9288021066917909,0,0.205,6,10006
8,ppo_c8_s1,1,ppo,1.8297852959851453,6.95390376156268,0.0,3.8,82.0,1.64,82,0,-0.8999927624487302,0,0.205,7,10007
8,ppo_c8_s1,1,ppo,1.9558539692732804,7.248396293255881,0.0,4.8,74.0,1.48,74,0,-0.8211809953975536,0,0.185,8,10008
8,ppo_c8_s1,1,ppo,1.8286016472123783,7.464258828876585,0.0,3.2,78.0,1.56,78,0,-0.8656539994288087,0,0.195,9,10009
8,ppo_c8_s2,2,ppo,1.641457793636176,6.846425821445018,0.0,2.6,117.0,2.34,117,0,-1.2013246798694657,0,0.2925,0,10000
8,ppo_c8_s2,2,ppo,1.674502112723663,7.153926604928317,0.0,3.4000000000000004,114.0,2.28,114,0,-1.1785157246850988,0,0.285,1,10001
8,ppo_c8_s2,2,ppo,1.6557136378356099,6.460284424993152,0.0,3.0,113.0,2.26,113,0,-1.171777446341122,0,0.2825,2,10002
8,ppo_c8_s2,2,ppo,1.540077139930609,7.577676184660755,0.0,2.0,116.0,2.32,116,0,-1.211056712530632,0,0.29,3,10003
8,ppo_c8_s2,2,ppo,1.6593129854376676,7.3245670702192305,0.0,2.6,118.0,2.36,118,0,-1.2285440339501448,0,0.295,4,10004
8,ppo_c8_s2,2,ppo,1.6430122718700608,6.96571763660178,0.0,2.6,116.0,2.32,116,0,-1.226771782964811,0,0.29,5,10005
8,ppo_c8_s2,2,ppo,1.6735798091129397,7.830760828203154,0.0,4.3999999999999995,112.0,2.24,112,0,-1.1974992269895943,0,0.28,6,10006
8,ppo_c8_s2,2,ppo,1.7304045327196071,6.9369270189913745,0.0,4.0,114.0,2.28,114,0,-1.1857427176492656,0,0.285,7,10007
8,ppo_c8_s2,2,ppo,1.5979922085352014,7.121468105444726,0.0,3.2,119.0,2.38,119,0,-1.2414731073893255,0,0.2975,8,10008
8,ppo_c8_s2,2,ppo,1.6472230239460082,6.813855630454756,0.0,3.2,116.0,2.32,116,0,-1.2130933207335515,0,0.29,9,10009
8,ppo_c8_s3,3,ppo,1.8315158833051588,7.795912387742678,0.0,3.5999999999999996,92.0,1.84,92,0,-1.028492805629989,0,0.23,0,10000
8,ppo_c8_s3,3,ppo,1.9794587210998007,8.409961451795231,0.0,7.8,87.0,1.74,87,0,-1.142457485898039,0,0.2175,1,10001
8,ppo_c8_s3,3,ppo,1.922413995598801,8.509835487784356,0.0,5.6000000000000005,89.0,1.78,89,0,-1.074020945359668,0,0.2225,2,10002
8,ppo_c8_s3,3,ppo,1.7907777514967287,8.527203879169383,0.0,2.4,91.0,1.82,91,0,-1.0171378931780346,0,0.2275,3,10003
8,ppo_c8_s3,3,ppo,2.0924504991058788,7.944841942317894,0.0,7.3999999999999995,85.0,1.7,85,0,-1.067932086990781,0,0.2125,4,10004
8,ppo_c8_s3,3,ppo,2.029274834455646,8.659326909104713,0.0,6.0,85.0,1.7,85,0,-1.102236684054383,0,0.2125,5,10005
8,ppo_c8_s3,3,ppo,1.9688531854988762,7.8024715820587085,0.0,6.2,86.0,1.72,86,0,-1.0165124750670014,0,0.215,6,10006
8,ppo_c8_s3,3,ppo,1.929542457737513,6.823290580724603,0.0,5.6000000000000005,87.0,1.74,87,0,-0.9258689520949321,0,0.2175,7,10007
8,ppo_c8_s3,3,ppo,1.9177154322137853,7.150899030260398,0.0,4.3999999999999995,89.0,1.78,89,0,-0.9683751890625079,0,0.2225,8,10008
8,ppo_c8_s3,3,ppo,2.012316399897633,7.756930803735745,0.0,6.6000000000000005,85.0,1.7,85,0,-1.0081868040805617,0,0.2125,9,10009
8,ppo_c8_s4,4,ppo,1.793787832697489,7.886855405878485,0.0,5.0,101.0,2.02,101,0,-1.164096992996185,0,0.2525,0,10000
8,ppo_c8_s4,4,ppo,1.834848531100102,8.70508019085569,0.0,6.0,103.0,2.06,103,0,-1.3357701955621846,0,0.2575,1,10001
8,ppo_c8_s4,4,ppo,1.767903604455781,7.382765337212256,0.0,3.5999999999999996,103.0,2.06,103,0,-1.1103897789075283,0,0.2575,2,10002
8,ppo_c8_s4,4,ppo,1.8080007827917062,8.345468773531284,0.0,4.8,99.0,1.98,99,0,-1.0939524022945244,0,0.2475,3,10003
8,ppo_c8_s4,4,ppo,1.8369309983430737,7.616813538101681,0.0,4.2,102.0,2.04,102,0,-1.133994767188387,0,0.255,4,10004
8,ppo_c8_s4,4,ppo,1.746512531032917,7.288142434136757,0.0,4.3999999999999995,102.0,2.04,102,0,-1.0839100993494304,0,0.255,5,10005
8,ppo_c8_s4,4,ppo,1.8423725308776266,7.580419554098116,0.0,6.4,96.0,1.92,96,0,-1.1208410363434393,0,0.24,6,10006
8,ppo_c8_s4,4,ppo,1.7942335656995896,7.6792441760856125,0.0,4.6,103.0,2.06,103,0,-1.1245485836730587,0,0.2575,7,10007
8,ppo_c8_s4,4,ppo,1.7242281579755987,7.769005195914632,0.0,2.8000000000000003,103.0,2.06,103,0,-1.0951861654635255,0,0.2575,8,10008
8,ppo_c8_s4,4,ppo,1.9519203554603526,7.480826931555702,0.0,5.800000000000001,95.0,1.9,95,0,-1.1310130981143718,0,0.2375,9,10009
8,ppo_c8_s5,5,ppo,2.0632367579477324,7.558586353838853,0.0,8.200000000000001,77.0,1.54,77,0,-0.9350195881476094,0,0.1925,0,10000
8,ppo_c8_s5,5,ppo,2.087833326375997,8.753145420817233,0.0,8.4,75.0,1.5,75,0,-1.0511516189642673,0,0.1875,1,10001
8,ppo_c8_s5,5,ppo,1.9628072076933427,7.166989592228499,0.0,7.000000000000001,85.0,1.7,85,0,-1.0101426771794628,0,0.2125,2,10002
8,ppo_c8_s5,5,ppo,1.931015800240259,7.099494202885305,0.0,5.800000000000001,83.0,1.66,83,0,-0.9323581062654058,0,0.2075,3,10003
8,ppo_c8_s5,5,ppo,1.994405184047691,7.918788456831977,0.0,4.8,88.0,1.76,88,0,-1.0465123249612098,0,0.22,4,10004
8,ppo_c8_s5,5,ppo,2.1173639442825785,8.659326909104713,0.0,7.000000000000001,79.0,1.58,79,0,-1.0345463030918272,0,0.1975,5,10005
8,ppo_c8_s5,5,ppo,2.019876428170044,7.139957007869276,0.0,6.6000000000000005,78.0,1.56,78,0,-0.9425909777474581,0,0.195,6,10006
8,ppo_c8_s5,5,ppo,1.9255935816609848,7.330920782321406,0.0,5.800000000000001,86.0,1.72,86,0,-0.9687900140800354,0,0.215,7,10007
8,ppo_c8_s5,5,ppo,2.028209936918513,8.86874559636702,0.0,5.800000000000001,79.0,1.58,79,0,-1.0576190685187292,0,0.1975,8,10008
8,ppo_c8_s5,5,ppo,1.9275822738082065,8.056000600109915,0.0,4.8,82.0,1.64,82,0,-0.9522031694809213,0,0.205,9,10009
8,ppo_c8_s6,6,ppo,1.848768441590158,7.336051204368764,0.0,3.2,77.0,1.54,77,0,-0.8186032465034139,0,0.1925,0,10000
8,ppo_c8_s6,6,ppo,1.8754603031621382,8.70508019085569,0.0,4.6,83.0,1.66,83,0,-0.9886683598179823,0,0.2075,1,10001
8,ppo_c8_s6,6,ppo,1.9232451420578345,7.6540797329325,0.0,4.2,75.0,1.5,75,0,-0.8837172216569527,0,0.1875,2,10002
8,ppo_c8_s6,6,ppo,1.859395417190761,7.23266204314082,0.0,3.8,78.0,1.56,78,0,-0.8545492435676472,0,0.195,3,10003
8,ppo_c8_s6,6,ppo,1.8359117084500265,6.438374187097275,0.0,3.5999999999999996,85.0,1.7,85,0,-0.8895270316981212,0,0.2125,4,10004
8,ppo_c8_s6,6,ppo,1.9099404528690043,8.659326909104713,0.0,4.6,80.0,1.6,80,0,-0.9215756217047502,0,0.2,5,10005
8,ppo_c8_s6,6,ppo,1.8208960515662693,6.897751161955346,0.0,3.0,78.0,1.56,78,0,-0.828264041940413,0,0.195,6,10006
8,ppo_c8_s6,6,ppo,1.9512121367960666,7.904274475705012,0.0,4.2,73.0,1.46,73,0,-0.8422319322994043,0,0.1825,7,10007
8,ppo_c8_s6,6,ppo,1.9504106396976917,8.212290896880145,0.0,4.3999999999999995,76.0,1.52,76,0,-0.9400562394262384,0,0.19,8,10008
8,ppo_c8_s6,6,ppo,1.868687050435091,7.264722710484572,0.0,4.0,76.0,1.52,76,0,-0.8840678075316017,0,0.19,9,10009
8,ppo_c8_s7,7,ppo,1.8649358758552088,7.419862406049298,0.0,4.0,95.0,1.9,95,0,-1.0128839126473577,0,0.2375,0,10000
8,ppo_c8_s7,7,ppo,1.7994358465507474,6.981459796130373,0.0,4.8,100.0,2.0,100,0,-1.0835444705419002,0,0.25,1,10001
8,ppo_c8_s7,7,ppo,1.9404160334925264,8.342589375879177,0.0,6.2,92.0,1.84,92,0,-1.0582712276587518,0,0.23,2,10002
8,ppo_c8_s7,7,ppo,1.8384545483101897,7.544782767636781,0.0,4.3999999999999995,93.0,1.86,93,0,-1.0379628702392727,0,0.2325,3,10003
8,ppo_c8_s7,7,ppo,1.982560397165982,10.699356203201782,0.2,4.8,92.0,1.84,92,0,-1.1826798064035278,0,0.23,4,10004
8,ppo_c8_s7,7,ppo,1.9028296048701714,8.659326909104713,0.0,6.6000000000000005,97.0,1.94,97,0,-1.1350733047872519,0,0.2425,5,10005
8,ppo_c8_s7,7,ppo,1.957050576856996,7.846417993921914,0.0,5.800000000000001,93.0,1.86,93,0,-1.1186691316124968,0,0.2325,6,10006
8,ppo_c8_s7,7,ppo,1.8685850522764098,8.37492320770907,0.0,3.8,97.0,1.94,97,0,-1.0765525784830987,0,0.2425,7,10007
8,ppo_c8_s7,7,ppo,1.8614246169863724,7.281919998068026,0.0,2.4,95.0,1.9,95,0,-1.0122141703609027,0,0.2375,8,10008
8,ppo_c8_s7,7,ppo,1.968877440842662,7.385503637810759,0.0,6.4,93.0,1.86,93,0,-1.066513953031009,0,0.2325,9,10009
8,ppo_c8_s8,8,ppo,1.7951402009022162,6.91162220546794,0.0,3.5999999999999996,97.0,1.94,97,0,-1.0366278403933504,0,0.2425,0,10000
8,ppo_c8_s8,8,ppo,1.943597313152187,8.70508019085569,0.0,6.4,92.0,1.84,92,0,-1.187201782843277,0,0.23,1,10001
8,ppo_c8_s8,8,ppo,1.8060924294725482,7.579878394044515,0.0,4.6,96.0,1.92,96,0,-1.0395103922872053,0,0.24,2,10002
8,ppo_c8_s8,8,ppo,1.8429001615415548,8.069164864040319,0.0,4.0,95.0,1.9,95,0,-1.0532535608371627,0,0.2375,3,10003
8,ppo_c8_s8,8,ppo,1.934634574581633,7.595394082854329,0.0,5.0,94.0,1.88,94,0,-1.062236728590689,0,0.235,4,10004
8,ppo_c8_s8,8,ppo,1.9548921270857502,8.659326909104713,0.0,4.8,88.0,1.76,88,0,-1.0280241275118456,0,0.22,5,10005
8,ppo_c8_s8,8,ppo,1.8679484402139233,7.587780743880232,0.0,5.2,92.0,1.84,92,0,-1.0407601357609004,0,0.23,6,10006
8,ppo_c8_s8,8,ppo,1.8995879566016738,6.537506874953522,0.0,4.8,92.0,1.84,92,0,-1.0006904673821857,0,0.23,7,10007
8,ppo_c8_s8,8,ppo,1.8402968485649245,8.310759101803175,0.0,3.8,97.0,1.94,97,0,-1.1570307954894858,0,0.2425,8,10008
8,ppo_c8_s8,8,ppo,1.812105875622394,7.138787402559547,0.0,4.3999999999999995,97.0,1.94,97,0,-1.027983653652176,0,0.2425,9,10009
8,ppo_c8_s9,9,ppo,1.7158323214866154,7.442860369008484,0.0,4.3999999999999995,111.0,2.22,111,0,-1.2209553524608716,0,0.2775,0,10000
8,ppo_c8_s9,9,ppo,1.7739664369996913,8.691160449411846,0.0,4.6,108.0,2.16,108,0,-1.2357867027528497,0,0.27,1,10001
8,ppo_c8_s9,9,ppo,1.6904188427042064,7.521084841385384,0.0,3.2,113.0,2.26,113,0,-1.2266312529313428,0,0.2825,2,10002
8,ppo_c8_s9,9,ppo,1.7328889310839481,8.016007046860533,0.0,5.4,111.0,2.22,111,0,-1.2866851380845463,0,0.2775,3,10003
8,ppo_c8_s9,9,ppo,1.7664727471304935,8.2412755499929,0.0,6.0,113.0,2.26,113,0,-1.2957350504543252,0,0.2825,4,10004
8,ppo_c8_s9,9,ppo,1.794379898339993,6.813614454672603,0.0,5.0,110.0,2.2,110,0,-1.1695006867053355,0,0.275,5,10005
8,ppo_c8_s9,9,ppo,1.696616123282074,6.897751161955346,0.0,4.0,113.0,2.26,113,0,-1.1871682903358511,0,0.2825,6,10006
8,ppo_c8_s9,9,ppo,1.6790660276093403,7.223585665250902,0.0,3.2,113.0,2.26,113,0,-1.177762950615028,0,0.2825,7,10007
8,ppo_c8_s9,9,ppo,1.7809311585503578,8.830176342642407,0.0,5.4,112.0,2.24,112,0,-1.3207347620684216,0,0.28,8,10008
8,ppo_c8_s9,9,ppo,1.7441586300509797,6.796024029624229,0.0,3.8,110.0,2.2,110,0,-1.1377673955179732,0,0.275,9,10009
12,ppo_c12_s0,0,ppo,2.055641442948547,7.886855405878485,0.0,7.000000000000001,97.0,1.94,94,1,-1.1535454856491383,0,0.16166666666666665,0,10000
12,ppo_c12_s0,0,ppo,2.116730987281002,9.247333244013515,0.0,9.2,97.0,1.94,94,1,-1.4270486923236034,0,0.16166666666666665,1,10001
12,ppo_c12_s0,0,ppo,2.0030447471254753,7.050633134752681,0.0,7.8,100.0,2.0,97,1,-1.1451265021022432,0,0.16666666666666666,2,10002
12,ppo_c12_s0,0,ppo,1.9395376265344322,8.147350175258346,0.0,6.0,101.0,2.02,98,1,-1.129201969158224,0,0.16833333333333333,3,10003
12,ppo_c12_s0,0,ppo,2.1392850131356065,8.787393983557077,0.0,8.6,97.0,1.94,94,1,-1.3320821342571096,0,0.16166666666666665,4,10004
12,ppo_c12_s0,0,ppo,2.0470314376061713,8.659326909104713,0.0,9.0,101.0,2.02,98,1,-1.2977380720349383,0,0.16833333333333333,5,10005
12,ppo_c12_s0,0,ppo,1.9700512763210813,6.897751161955346,0.0,7.8,101.0,2.02,98,1,-1.1462573380830021,0,0.16833333333333333,6,10006
12,ppo_c12_s0,0,ppo,2.0601191636653717,7.704103637026934,0.0,9.0,99.0,1.98,96,1,-1.2049604717248674,0,0.165,7,10007
12,ppo_c12_s0,0,ppo,2.1027680505501722,8.86874559636702,0.0,7.8,97.0,1.94,94,1,-1.2497693335558577,0,0.16166666666666665,8,10008
12,ppo_c12_s0,0,ppo,2.0290130637440917,7.849097613770277,0.0,7.000000000000001,102.0,2.04,99,1,-1.2231051599082339,0,0.17,9,10009
12,ppo_c12_s1,1,ppo,2.1068399883444746,9.542330053089065,0.0,10.8,154.0,3.08,85,23,-2.199384646889934,0,0.25666666666666665,0,10000
12,ppo_c12_s1,1,ppo,2.0995026859546515,8.882052642014061,0.0,11.799999999999999,143.0,2.86,89,18,-2.1338747961753795,0,0.2383333333333333,1,10001
12,ppo_c12_s1,1,ppo,2.3358601975570186,10.227406085323018,0.2,16.6,133.0,2.66,94,13,-2.8815134889568594,0,0.22166666666666668,2,10002
12,ppo_c12_s1,1,ppo,2.1497281517233167,11.036651673963425,0.4,13.0,143.0,2.86,92,17,-2.2746351216260416,0,0.2383333333333333,3,10003
12,ppo_c12_s1,1,ppo,2.077953335001168,11.144687415172232,0.2,10.4,153.0,3.06,90,21,-2.220535165100959,0,0.255,4,10004
12,ppo_c12_s1,1,ppo,2.187909859196064,9.810622929641283,0.0,11.799999999999999,143.0,2.86,92,17,-2.285902861733441,0,0.2383333333333333,5,10005
12,ppo_c12_s1,1,ppo,2.1180489755936223,9.634522301631195,0.0,13.200000000000001,150.0,3.0,87,21,-2.21059022537529,0,0.25,6,10006
12,ppo_c12_s1,1,ppo,1.919995589794647,8.161487952650015,0.0,7.3999999999999995,157.0,3.14,94,21,-1.815835418346008,0,0.26166666666666666,7,10007
12,ppo_c12_s1,1,ppo,1.9277385966628422,10.10846694305709,0.2,7.8,160.0,3.2,91,23,-1.989846558945278,0,0.26666666666666666,8,10008
12,ppo_c12_s1,1,ppo,2.0662031984988722,8.974606017355931,0.0,10.4,148.0,2.96,91,19,-2.0113681438866924,0,0.24666666666666667,9,10009
12,ppo_c12_s2,2,ppo,1.846635354932686,8.090140010173181,0.0,8.799999999999999,131.0,2.62,131,0,-1.5941863729196193,0,0.21833333333333335,0,10000
12,ppo_c12_s2,2,ppo,1.7169795607590899,8.753145420817233,0.0,6.4,138.0,2.76,135,1,-1.6184212587512707,0,0.22999999999999998,1,10001
12,ppo_c12_s2,2,ppo,1.6872083679751473,7.801207678439213,0.0,4.8,135.0,2.7,135,0,-1.4989724986537183,0,0.225,2,10002
12,ppo_c12_s2,2,ppo,1.6280961650302155,9.419871463561709,0.0,5.2,141.0,2.82,132,3,-1.5751505126690293,0,0.235,3,10003
12,ppo_c12_s2,2,ppo,1.7043700899918404,8.32721782763206,0.0,6.4,135.0,2.7,135,0,-1.6008895950084343,0,0.225,4,10004
12,ppo_c12_s2,2,ppo,1.6321215762456136,7.288142434136757,0.0,4.0,140.0,2.8,134,2,-1.4757656344313732,0,0.2333333333333333,5,10005
12,ppo_c12_s2,2,ppo,1.7184259474811685,7.611784278772909,0.0,5.0,132.0,2.64,132,0,-1.4387504668854214,0,0.22,6,10006
12,ppo_c12_s2,2,ppo,1.6985227627169361,7.665250616122762,0.0,7.199999999999999,137.0,2.74,137,0,-1.554597426406955,0,0.22833333333333336,7,10007
12,ppo_c12_s2,2,ppo,1.8433778937311258,9.120557668710736,0.0,7.000000000000001,129.0,2.58,129,0,-1.7357907965588513,0,0.215,8,10008
12,ppo_c12_s2,2,ppo,1.7610043270652163,8.162657326020843,0.0,6.4,132.0,2.64,132,0,-1.5081484802144827,0,0.22,9,10009
12,ppo_c12_s3,3,ppo,1.6588984980219834,7.74548465685135,0.0,5.0,123.0,2.46,123,0,-1.3514674158281115,0,0.205,0,10000
12,ppo_c12_s3,3,ppo,1.6769787908585598,7.783052117288737,0.0,5.800000000000001,121.0,2.42,121,0,-1.3632432687774207,0,0.20166666666666666,1,10001
12,ppo_c12_s3,3,ppo,1.6391626709820912,7.539803401240405,0.0,3.8,124.0,2.48,124,0,-1.3268242044290117,0,0.20666666666666667,2,10002
12,ppo_c12_s3,3,ppo,1.635829660098041,8.146100019375218,0.0,4.8,123.0,2.46,123,0,-1.3392119624595014,0,0.205,3,10003
12,ppo_c12_s3,3,ppo,1.6999015347924047,8.082195785211216,0.0,3.8,122.0,2.44,122,0,-1.3710378721613155,0,0.20333333333333334,4,10004
12,ppo_c12_s3,3,ppo,1.590487660503871,8.558804008238125,0.0,4.0,126.0,2.52,126,0,-1.3951888857754549,0,0.21,5,10005
12,ppo_c12_s3,3,ppo,1.5282344981277232,7.548066473452793,0.0,3.4000000000000004,126.0,2.52,126,0,-1.3437038839461166,0,0.21,6,10006
12,ppo_c12_s3,3,ppo,1.625423981421379,8.070045694498143,0.0,4.2,126.0,2.52,126,0,-1.423000276258856,0,0.21,7,10007
12,ppo_c12_s3,3,ppo,1.647538953091973,7.111608089101237,0.0,3.8,124.0,2.48,124,0,-1.3058417855708475,0,0.20666666666666667,8,10008
12,ppo_c12_s3,3,ppo,1.6710134590538532,8.072284892051606,0.0,4.0,120.0,2.4,120,0,-1.310587244189971,0,0.19999999999999998,9,10009
12,ppo_c12_s4,4,ppo,1.3745918010872595,6.909291855810209,0.0,1.6,162.0,3.24,162,0,-1.6530021041231922,0,0.27,0,10000
12,ppo_c12_s4,4,ppo,1.2248534679828051,6.213803726197481,0.0,0.8,165.0,3.3,165,0,-1.6562682721795046,0,0.27499999999999997,1,10001
12,ppo_c12_s4,4,ppo,1.3699859157416658,8.072958024948258,0.0,1.7999999999999998,151.0,3.02,151,0,-1.5791511197856374,0,0.25166666666666665,2,10002
12,ppo_c12_s4,4,ppo,1.227750605150563,7.672486651046528,0.0,1.4000000000000001,161.0,3.22,161,0,-1.6414964986719438,0,0.26833333333333337,3,10003
12,ppo_c12_s4,4,ppo,1.3508687219280655,6.214373140798389,0.0,1.6,169.0,3.38,166,1,-1.7021362980378378,0,0.2816666666666667,4,10004
12,ppo_c12_s4,4,ppo,1.3460496739446348,8.687846946235132,0.0,1.0,158.0,3.16,158,0,-1.6515370477353986,0,0.26333333333333336,5,10005
12,ppo_c12_s4,4,ppo,1.3411142628969974,6.697227220279874,0.0,1.6,161.0,3.22,158,1,-1.632755839583886,0,0.26833333333333337,6,10006
12,ppo_c12_s4,4,ppo,1.3636022762472946,6.820923471181908,0.0,2.1999999999999997,157.0,3.14,157,0,-1.605440632217129,0,0.26166666666666666,7,10007
12,ppo_c12_s4,4,ppo,1.3643494894993642,5.777294243090336,0.0,1.2,157.0,3.14,157,0,-1.5745597923882177,0,0.26166666666666666,8,10008
12,ppo_c12_s4,4,ppo,1.3130466889468362,6.0647685480670255,0.0,1.4000000000000001,160.0,3.2,160,0,-1.6126653751067117,0,0.26666666666666666,9,10009
12,ppo_c12_s5,5,ppo,1.434004501820456,7.3562245243412105,0.0,4.3999999999999995,161.0,3.22,161,0,-1.7377357739620694,0,0.26833333333333337,0,10000
12,ppo_c12_s5,5,ppo,1.3711311299813602,7.862775593572723,0.0,3.8,161.0,3.22,161,0,-1.7348422570900364,0,0.26833333333333337,1,10001
12,ppo_c12_s5,5,ppo,1.3934649322742638,8.306696152475679,0.0,3.4000000000000004,166.0,3.32,163,1,-1.793208289213965,0,0.27666666666666667,2,10002
12,ppo_c12_s5,5,ppo,1.3346652728054056,7.880765399943436,0.0,2.8000000000000003,164.0,3.28,164,0,-1.720961011058106,0,0.2733333333333333,3,10003
12,ppo_c12_s5,5,ppo,1.3819796176911823,6.798859449367666,0.0,2.6,167.0,3.34,164,1,-1.7222154276273407,0,0.2783333333333333,4,10004
12,ppo_c12_s5,5,ppo,1.3870308042289252,8.683133329459226,0.0,4.3999999999999995,167.0,3.34,164,1,-1.816607690786841,0,0.2783333333333333,5,10005
12,ppo_c12_s5,5,ppo,1.3688651109451453,8.071812816387995,0.0,3.5999999999999996,164.0,3.28,164,0,-1.7708163090138975,0,0.2733333333333333,6,10006
12,ppo_c12_s5,5,ppo,1.4109135982033558,6.577747545958142,0.0,3.2,153.0,3.06,153,0,-1.5898475127399545,0,0.255,7,10007
12,ppo_c12_s5,5,ppo,1.4229462923224692,8.975546135022364,0.0,4.2,164.0,3.28,161,1,-1.8413315074457093,0,0.2733333333333333,8,10008
12,ppo_c12_s5,5,ppo,1.2710742715169663,6.909392804901433,0.0,2.6,169.0,3.38,166,1,-1.740111365407525,0,0.2816666666666667,9,10009
12,ppo_c12_s6,6,ppo,1.7824776340884265,7.886855405878485,0.0,6.6000000000000005,128.0,2.56,125,1,-1.491344629569818,0,0.21333333333333335,0,10000
12,ppo_c12_s6,6,ppo,1.6893657820064514,7.239858190667346,0.0,4.3999999999999995,129.0,2.58,126,1,-1.3617148737623888,0,0.215,1,10001
12,ppo_c12_s6,6,ppo,1.743574265393443,11.491755195655884,0.2,4.8,130.0,2.6,127,1,-1.587781873998218,0,0.21666666666666667,2,10002
12,ppo_c12_s6,6,ppo,1.696240239101225,7.898254798934978,0.0,4.8,126.0,2.52,123,1,-1.3657478787676802,0,0.21,3,10003
12,ppo_c12_s6,6,ppo,1.8935141454513027,8.2412755499929,0.0,6.4,124.0,2.48,121,1,-1.467586148524997,0,0.20666666666666667,4,10004
12,ppo_c12_s6,6,ppo,1.8318739896185192,7.317859161915605,0.0,6.800000000000001,122.0,2.44,119,1,-1.3406194428125424,0,0.20333333333333334,5,10005
12,ppo_c12_s6,6,ppo,1.7533957193084544,7.158896795604055,0.0,4.8,127.0,2.54,124,1,-1.372331040823732,0,0.21166666666666667,6,10006
12,ppo_c12_s6,6,ppo,1.7301569651406452,7.704103637026934,0.0,4.8,128.0,2.56,125,1,-1.3791132763360616,0,0.21333333333333335,7,10007
12,ppo_c12_s6,6,ppo,1.7612652514189062,8.515403665447371,0.0,4.8,126.0,2.52,123,1,-1.4105914665498294,0,0.21,8,10008
12,ppo_c12_s6,6,ppo,1.7872101696633453,7.594113369667905,0.0,5.0,123.0,2.46,120,1,-1.3265594810119132,0,0.205,9,10009
12,ppo_c12_s7,7,ppo,1.5771169387136468,7.094085874965787,0.0,4.2,139.0,2.78,127,4,-1.4714470136336981,0,0.23166666666666666,0,10000
12,ppo_c12_s7,7,ppo,1.5524233645630643,7.516789227120017,0.0,4.2,139.0,2.78,130,3,-1.4838659590393388,0,0.23166666666666666,1,10001
12,ppo_c12_s7,7,ppo,1.5763266606864967,8.488430332332186,0.0,3.8,139.0,2.78,127,4,-1.5525287283772524,0,0.23166666666666666,2,10002
12,ppo_c12_s7,7,ppo,1.6083998488863276,6.946286804896392,0.0,4.6,135.0,2.7,126,3,-1.4316532122737093,0,0.225,3,10003
12,ppo_c12_s7,7,ppo,1.5916315301084905,7.3985247536382115,0.0,3.4000000000000004,137.0,2.74,128,3,-1.4153991745518244,0,0.22833333333333336,4,10004
12,ppo_c12_s7,7,ppo,1.5508255182986441,7.1861836236719965,0.0,4.6,139.0,2.78,127,4,-1.4812925803376742,0,0.23166666666666666,5,10005
12,ppo_c12_s7,7,ppo,1.5716745021227176,7.660231036643311,0.0,4.2,138.0,2.76,126,4,-1.4606559198797715,0,0.22999999999999998,6,10006
12,ppo_c12_s7,7,ppo,1.6606130459378898,7.285900229807189,0.0,5.0,136.0,2.72,127,3,-1.501941526974516,0,0.22666666666666668,7,10007
12,ppo_c12_s7,7,ppo,1.6926119764089689,7.640492924153414,0.0,4.3999999999999995,136.0,2.72,124,4,-1.508033553447707,0,0.22666666666666668,8,10008
12,ppo_c12_s7,7,ppo,1.561194108477061,7.0656386938117945,0.0,3.2,138.0,2.76,129,3,-1.432125002926551,0,0.22999999999999998,9,10009
12,ppo_c12_s8,8,ppo,1.6293679484186077,6.638674087628305,0.0,4.3999999999999995,120.0,2.4,114,2,-1.2468719306646991,0,0.19999999999999998,0,10000
12,ppo_c12_s8,8,ppo,1.6412626642261634,8.933181446323413,0.0,5.0,120.0,2.4,117,1,-1.4441061009088019,0,0.19999999999999998,1,10001
12,ppo_c12_s8,8,ppo,1.520567439694141,6.691645721980467,0.0,3.4000000000000004,123.0,2.46,123,0,-1.2781337654096045,0,0.205,2,10002
12,ppo_c12_s8,8,ppo,1.5098854776195214,7.779229235204759,0.0,2.6,123.0,2.46,120,1,-1.3002188395318477,0,0.205,3,10003
12,ppo_c12_s8,8,ppo,1.6453037518058509,7.5311242109641565,0.0,4.0,123.0,2.46,120,1,-1.334944518935302,0,0.205,4,10004
12,ppo_c12_s8,8,ppo,1.5559693223320377,9.22334594956427,0.0,3.2,125.0,2.5,119,2,-1.437348624988466,0,0.20833333333333334,5,10005
12,ppo_c12_s8,8,ppo,1.6052071952047708,10.118507972322792,0.2,4.3999999999999995,111.0,2.22,111,0,-1.285025367097739,0,0.18500000000000003,6,10006
12,ppo_c12_s8,8,ppo,1.6353692148785248,8.31079394884034,0.0,4.2,120.0,2.4,117,1,-1.4159298372874138,0,0.19999999999999998,7,10007
12,ppo_c12_s8,8,ppo,1.5985707918645844,8.525511543608292,0.0,4.6,122.0,2.44,119,1,-1.3607309233856388,0,0.20333333333333334,8,10008
12,ppo_c12_s8,8,ppo,1.6067658529131486,7.604259751008572,0.0,4.2,119.0,2.38,119,0,-1.3357456085867374,0,0.19833333333333333,9,10009
12,ppo_c12_s9,9,ppo,1.5748935112781834,6.598625212348038,0.0,1.4000000000000001,121.0,2.42,121,0,-1.2295625466063678,0,0.20166666666666666,0,10000
12,ppo_c12_s9,9,ppo,1.638166692825515,8.70508019085569,0.0,2.8000000000000003,119.0,2.38,119,0,-1.2918023580465607,0,0.19833333333333333,1,10001
12,ppo_c12_s9,9,ppo,1.6045977683466879,7.4696408771763245,0.0,2.6,117.0,2.34,117,0,-1.22022856292988,0,0.19499999999999998,2,10002
12,ppo_c12_s9,9,ppo,1.5919183108558395,6.572772453480703,0.0,3.8,121.0,2.42,121,0,-1.2745879589679852,0,0.20166666666666666,3,10003
12,ppo_c12_s9,9,ppo,1.6520611888584014,8.155934185893106,0.0,4.0,117.0,2.34,117,0,-1.2784344227002382,0,0.19499999999999998,4,10004
12,ppo_c12_s9,9,ppo,1.6785291880090063,7.1277346659795455,0.0,4.8,118.0,2.36,118,0,-1.2565985781320825,0,0.19666666666666666,5,10005
12,ppo_c12_s9,9,ppo,1.5881840614074962,7.125989404022786,0.0,3.5999999999999996,119.0,2.38,119,0,-1.2468315932932437,0,0.19833333333333333,6,10006
12,ppo_c12_s9,9,ppo,1.5629248334707875,8.045295739208369,0.0,3.0,120.0,2.4,120,0,-1.2976157365571503,0,0.19999999999999998,7,10007
12,ppo_c12_s9,9,ppo,1.6597601911972208,7.640492924153414,0.0,2.1999999999999997,121.0,2.42,121,0,-1.2797374448241845,0,0.20166666666666666,8,10008
12,ppo_c12_s9,9,ppo,1.6017901658742872,7.529964898156037,0.0,3.4000000000000004,121.0,2.42,121,0,-1.3089040380101364,0,0.20166666666666666,9,10009
inf,ppo_cinf_s0,0,ppo,2.0376805038937875,7.133395436495315,0.0,4.0,63.0,1.26,63,0,-0.7102732612059961,0,,0,10000
inf,ppo_cinf_s0,0,ppo,2.066458704962813,8.70508019085569,0.0,6.4,62.0,1.24,62,0,-0.7835296118077921,0,,1,10001
inf,ppo_cinf_s0,0,ppo,2.0365259898088026,8.194764720785715,0.0,5.0,63.0,1.26,63,0,-0.769452299774916,0,,2,10002
inf,ppo_cinf_s0,0,ppo,1.9844518398051665,7.323399653138507,0.0,5.2,64.0,1.28,64,0,-0.7452521952726965,0,,3,10003
inf,ppo_cinf_s0,0,ppo,2.002059572328174,7.317657067912346,0.0,4.3999999999999995,69.0,1.38,69,0,-0.7565972236479543,0,,4,10004
inf,ppo_cinf_s0,0,ppo,2.0598807805979304,8.659326909104713,0.0,5.6000000000000005,64.0,1.28,64,0,-0.7971828723770682,0,,5,10005
inf,ppo_cinf_s0,0,ppo,1.9933597209690377,7.789724449270406,0.0,5.2,65.0,1.3,65,0,-0.7702986503575161,0,,6,10006
inf,ppo_cinf_s0,0,ppo,2.0403642511944,7.704103637026934,0.0,5.6000000000000005,65.0,1.3,65,0,-0.7675705920851498,0,,7,10007
inf,ppo_cinf_s0,0,ppo,2.018067338311668,7.363361478177297,0.0,3.4000000000000004,66.0,1.32,66,0,-0.7494668116639599,0,,8,10008
inf,ppo_cinf_s0,0,ppo,2.034242211114012,6.8488257647001,0.0,5.0,65.0,1.3,65,0,-0.7224083324676511,0,,9,10009
inf,ppo_cinf_s1,1,ppo,2.169743169265359,7.394338831329825,0.0,5.0,55.0,1.1,55,0,-0.669523086103894,0,,0,10000
inf,ppo_cinf_s1,1,ppo,2.1594369036623666,8.70508019085569,0.0,7.000000000000001,58.0,1.16,58,0,-0.7193025139305416,0,,1,10001
inf,ppo_cinf_s1,1,ppo,2.1022155493315218,7.240080056995693,0.0,4.6,60.0,1.2,60,0,-0.6968722283656442,0,,2,10002
inf,ppo_cinf_s1,1,ppo,2.1289659354420665,8.318885366587367,0.0,6.0,54.0,1.08,54,0,-0.6608821161168799,0,,3,10003
inf,ppo_cinf_s1,1,ppo,2.255911782957271,7.694652285111873,0.0,5.800000000000001,55.0,1.1,55,0,-0.6673636169129212,0,,4,10004
inf,ppo_cinf_s1,1,ppo,2.081517597233782,8.659326909104713,0.0,4.0,61.0,1.22,61,0,-0.7354468177492979,0,,5,10005
inf,ppo_cinf_s1,1,ppo,2.2048781598465146,7.790597956954608,0.0,7.6,53.0,1.06,53,0,-0.7165836440498787,0,,6,10006
inf,ppo_cinf_s1,1,ppo,2.1269134924308095,7.704103637026934,0.0,5.2,58.0,1.16,58,0,-0.6546837660003431,0,,7,10007
inf,ppo_cinf_s1,1,ppo,2.179974961503322,7.387481176037665,0.0,6.2,57.0,1.14,57,0,-0.7110186861214338,0,,8,10008
inf,ppo_cinf_s1,1,ppo,2.168310031690555,7.225538570664787,0.0,5.6000000000000005,56.0,1.12,56,0,-0.6644191718084063,0,,9,10009
inf,ppo_cinf_s2,2,ppo,2.1338975218860643,7.569426974447725,0.0,5.4,57.0,1.14,57,0,-0.7029556610599467,0,,0,10000
inf,ppo_cinf_s2,2,ppo,2.205755783845084,8.70508019085569,0.0,7.8,56.0,1.12,56,0,-0.7126972381661897,0,,1,10001
inf,ppo_cinf_s2,2,ppo,2.1438527128102307,7.358496360008302,0.0,5.800000000000001,57.0,1.14,57,0,-0.6512386648915685,0,,2,10002
inf,ppo_cinf_s2,2,ppo,2.1509289235366933,8.07712038394164,0.0,5.6000000000000005,54.0,1.08,54,0,-0.6665739101932234,0,,3,10003
inf,ppo_cinf_s2,2,ppo,2.2391963323099557,7.068208295340132,0.0,6.0,56.0,1.12,56,0,-0.6430108021366976,0,,4,10004
inf,ppo_cinf_s2,2,ppo,2.2000747133452934,7.6936985763180585,0.0,5.2,54.0,1.08,54,0,-0.6606939117434967,0,,5,10005
inf,ppo_cinf_s2,2,ppo,2.163223192137184,7.618213781192252,0.0,6.6000000000000005,55.0,1.1,55,0,-0.7029862789083688,0,,6,10006
inf,ppo_cinf_s2,2,ppo,2.1616629397322034,7.704103637026934,0.0,5.4,57.0,1.14,57,0,-0.668730201768087,0,,7,10007
inf,ppo_cinf_s2,2,ppo,2.2741344051583563,7.3926067668126985,0.0,6.2,51.0,1.02,51,0,-0.665655229946854,0,,8,10008
inf,ppo_cinf_s2,2,ppo,2.087919549615557,6.794287070625772,0.0,4.0,60.0,1.2,60,0,-0.6462228102619918,0,,9,10009
inf,ppo_cinf_s3,3,ppo,2.179373498108516,7.280304866369546,0.0,4.8,54.0,1.08,54,0,-0.6142351832977765,0,,0,10000
inf,ppo_cinf_s3,3,ppo,2.2224921666272457,7.626075775712913,0.0,6.6000000000000005,53.0,1.06,53,0,-0.6548343457373955,0,,1,10001
inf,ppo_cinf_s3,3,ppo,2.262156583675632,8.641565942019037,0.0,6.800000000000001,50.0,1.0,50,0,-0.6791230234602639,0,,2,10002
inf,ppo_cinf_s3,3,ppo,2.1223314650621945,8.154751848128376,0.0,5.0,53.0,1.06,53,0,-0.6266523756955276,0,,3,10003
inf,ppo_cinf_s3,3,ppo,2.3136297584611003,7.3752349347914015,0.0,6.6000000000000005,52.0,1.04,52,0,-0.6235415945365482,0,,4,10004
inf,ppo_cinf_s3,3,ppo,2.325914269094497,8.030224822370407,0.0,7.8,49.0,0.98,49,0,-0.6854324634057871,0,,5,10005
inf,ppo_cinf_s3,3,ppo,2.225022888974566,7.822161783939367,0.0,6.0,51.0,1.02,51,0,-0.6941141912351136,0,,6,10006
inf,ppo_cinf_s3,3,ppo,2.2976776119650757,6.784419842083096,0.0,8.0,51.0,1.02,51,0,-0.6147602174383157,0,,7,10007
inf,ppo_cinf_s3,3,ppo,2.2005316232079837,7.640492924153414,0.0,5.800000000000001,55.0,1.1,55,0,-0.6933048875086036,0,,8,10008
inf,ppo_cinf_s3,3,ppo,2.2650808993815463,7.924138908050765,0.0,6.4,51.0,1.02,51,0,-0.6791502692519713,0,,9,10009
inf,ppo_cinf_s4,4,ppo,2.1646277895946215,7.252460401688872,0.0,6.2,57.0,1.14,57,0,-0.6550349027859372,0,,0,10000
inf,ppo_cinf_s4,4,ppo,2.1469289956242057,8.70508019085569,0.0,5.6000000000000005,57.0,1.14,57,0,-0.708522120949246,0,,1,10001
inf,ppo_cinf_s4,4,ppo,2.146895706573395,7.046852569515854,0.0,6.2,59.0,1.18,59,0,-0.7315243698727573,0,,2,10002
inf,ppo_cinf_s4,4,ppo,2.1213420948239463,7.9820555504591235,0.0,6.4,56.0,1.12,56,0,-0.7209207699365217,0,,3,10003
inf,ppo_cinf_s4,4,ppo,2.2168012923672977,7.724114899086885,0.0,5.2,58.0,1.16,58,0,-0.669656379617813,0,,4,10004
inf,ppo_cinf_s4,4,ppo,2.1978681013670793,8.659326909104713,0.0,6.0,58.0,1.16,58,0,-0.7890271541860983,0,,5,10005
inf,ppo_cinf_s4,4,ppo,2.1542845682535474,7.611784278772909,0.0,6.6000000000000005,55.0,1.1,55,0,-0.7174375027426456,0,,6,10006
inf,ppo_cinf_s4,4,ppo,2.1270788276918586,7.704103637026934,0.0,4.8,59.0,1.18,59,0,-0.7162678906858855,0,,7,10007
inf,ppo_cinf_s4,4,ppo,2.12076750144504,7.363361478177297,0.0,5.4,60.0,1.2,60,0,-0.729028379195815,0,,8,10008
inf,ppo_cinf_s4,4,ppo,2.0885687178385313,7.732867812602362,0.0,4.0,60.0,1.2,60,0,-0.6968591754823891,0,,9,10009
inf,ppo_cinf_s5,5,ppo,2.268808008842766,7.442860369008484,0.0,6.800000000000001,49.0,0.98,49,0,-0.6329334474278886,0,,0,10000
inf,ppo_cinf_s5,5,ppo,2.2153074875105547,8.70508019085569,0.0,7.199999999999999,53.0,1.06,53,0,-0.6971016098878636,0,,1,10001
inf,ppo_cinf_s5,5,ppo,2.2405694061140085,7.1982876253819565,0.0,7.000000000000001,51.0,1.02,51,0,-0.6165664218495914,0,,2,10002
inf,ppo_cinf_s5,5,ppo,2.1794134379767547,7.7779326918386165,0.0,7.000000000000001,50.0,1.0,50,0,-0.6343307115478383,0,,3,10003
inf,ppo_cinf_s5,5,ppo,2.3063177757625315,7.673401874773484,0.0,6.4,51.0,1.02,51,0,-0.6698881252148987,0,,4,10004
inf,ppo_cinf_s5,5,ppo,2.259579424738948,8.659326909104713,0.0,6.6000000000000005,54.0,1.08,54,0,-0.7677451541121125,0,,5,10005
inf,ppo_cinf_s5,5,ppo,2.19062424110006,7.5821163201636015,0.0,7.3999999999999995,53.0,1.06,53,0,-0.6724063851666231,0,,6,10006
inf,ppo_cinf_s5,5,ppo,2.2588272474114874,7.704103637026934,0.0,8.200000000000001,52.0,1.04,52,0,-0.6795140896306868,0,,7,10007
inf,ppo_cinf_s5,5,ppo,2.217115371847729,7.363361478177297,0.0,5.0,54.0,1.08,54,0,-0.6556694631462825,0,,8,10008
inf,ppo_cinf_s5,5,ppo,2.231753898213235,7.092656473744137,0.0,6.2,52.0,1.04,52,0,-0.620440843255031,0,,9,10009
inf,ppo_cinf_s6,6,ppo,2.1624284201106483,7.532508759298518,0.0,5.800000000000001,56.0,1.12,56,0,-0.6656808002592993,0,,0,10000
inf,ppo_cinf_s6,6,ppo,2.1470744620668234,8.70508019085569,0.0,6.4,57.0,1.14,57,0,-0.7345580632738471,0,,1,10001
inf,ppo_cinf_s6,6,ppo,2.1934922078662114,8.978823547612004,0.0,7.199999999999999,55.0,1.1,55,0,-0.747554763882072,0,,2,10002
inf,ppo_cinf_s6,6,ppo,2.0625885691171653,7.696193892216406,0.0,4.8,57.0,1.14,57,0,-0.6683758326726994,0,,3,10003
inf,ppo_cinf_s6,6,ppo,2.176901930394151,7.834218187847699,0.0,5.4,58.0,1.16,58,0,-0.6874051116853024,0,,4,10004
inf,ppo_cinf_s6,6,ppo,2.1092113531296883,8.659326909104713,0.0,5.800000000000001,60.0,1.2,60,0,-0.7524433819202427,0,,5,10005
inf,ppo_cinf_s6,6,ppo,2.060820744175296,7.676935753511848,0.0,5.4,61.0,1.22,61,0,-0.7279972783356099,0,,6,10006
inf,ppo_cinf_s6,6,ppo,2.11684475645836,7.704103637026934,0.0,5.6000000000000005,58.0,1.16,58,0,-0.742788702631322,0,,7,10007
inf,ppo_cinf_s6,6,ppo,2.175825288798443,7.363361478177297,0.0,6.2,56.0,1.12,56,0,-0.684071514765447,0,,8,10008
inf,ppo_cinf_s6,6,ppo,2.1748301833758497,6.8488257647001,0.0,6.4,55.0,1.1,55,0,-0.6460525769805906,0,,9,10009
inf,ppo_cinf_s7,7,ppo,2.1651861473485345,7.398207419277847,0.0,6.2,52.0,1.04,52,0,-0.6605651947587293,0,,0,10000
inf,ppo_cinf_s7,7,ppo,2.1449666629392588,8.70508019085569,0.0,6.800000000000001,54.0,1.08,54,0,-0.7453289060782134,0,,1,10001
inf,ppo_cinf_s7,7,ppo,2.161895865532004,8.072958024948258,0.0,6.6000000000000005,53.0,1.06,53,0,-0.6561186164956346,0,,2,10002
inf,ppo_cinf_s7,7,ppo,2.111592270421961,7.524031078930419,0.0,5.4,51.0,1.02,51,0,-0.619731186740732,0,,3,10003
inf,ppo_cinf_s7,7,ppo,2.303856370248611,8.147874933486998,0.0,6.4,50.0,1.0,50,0,-0.6482446401891243,0,,4,10004
inf,ppo_cinf_s7,7,ppo,2.1659979343984435,8.659326909104713,0.0,5.6000000000000005,54.0,1.08,54,0,-0.7310277119442747,0,,5,10005
inf,ppo_cinf_s7,7,ppo,2.152862494886391,7.449568160421151,0.0,8.200000000000001,52.0,1.04,52,0,-0.6874451161587953,0,,6,10006
inf,ppo_cinf_s7,7,ppo,2.1103630145227807,7.111119192575464,0.0,5.2,56.0,1.12,56,0,-0.63011406237987,0,,7,10007
inf,ppo_cinf_s7,7,ppo,2.2180692090813774,7.520537283936195,0.0,6.2,52.0,1.04,52,0,-0.6656985268865521,0,,8,10008
inf,ppo_cinf_s7,7,ppo,2.1149831230832485,7.31685934355127,0.0,5.6000000000000005,56.0,1.12,56,0,-0.6369720947980351,0,,9,10009
inf,ppo_cinf_s8,8,ppo,2.254312997411872,7.333086650925853,0.0,8.0,50.0,1.0,50,0,-0.6667775986054486,0,,0,10000
inf,ppo_cinf_s8,8,ppo,2.2348833201009075,8.70508019085569,0.0,7.000000000000001,52.0,1.04,52,0,-0.7375683040379862,0,,1,10001
inf,ppo_cinf_s8,8,ppo,2.115334122125417,7.8523613871028,0.0,4.3999999999999995,57.0,1.14,57,0,-0.6831073248209588,0,,2,10002
inf,ppo_cinf_s8,8,ppo,2.1088556950090838,7.8934083356644775,0.0,5.4,54.0,1.08,54,0,-0.6183853177087311,0,,3,10003
inf,ppo_cinf_s8,8,ppo,2.310730303449305,8.256706390970342,0.0,6.6000000000000005,51.0,1.02,51,0,-0.6528875989645795,0,,4,10004
inf,ppo_cinf_s8,8,ppo,2.233178219973074,8.659326909104713,0.0,5.4,55.0,1.1,55,0,-0.7456816262938959,0,,5,10005
inf,ppo_cinf_s8,8,ppo,2.1978209353527896,7.723817876480344,0.0,6.800000000000001,51.0,1.02,51,0,-0.7098597616032175,0,,6,10006
inf,ppo_cinf_s8,8,ppo,2.140125933716117,7.704103637026934,0.0,6.4,57.0,1.14,57,0,-0.669056713607855,0,,7,10007
inf,ppo_cinf_s8,8,ppo,2.204821337156969,7.503474766525934,0.0,5.6000000000000005,53.0,1.06,53,0,-0.6402018943424951,0,,8,10008
inf,ppo_cinf_s8,8,ppo,2.1753761794373587,7.654952209815716,0.0,6.4,54.0,1.08,54,0,-0.6660038663436619,0,,9,10009
inf,ppo_cinf_s9,9,ppo,2.143130412412464,7.280857684442738,0.0,4.6,58.0,1.16,58,0,-0.6678556703628518,0,,0,10000
inf,ppo_cinf_s9,9,ppo,2.2405334027544397,7.811251433624186,0.0,7.199999999999999,53.0,1.06,53,0,-0.7201726741088359,0,,1,10001
inf,ppo_cinf_s9,9,ppo,2.1601156261068364,7.553792621518082,0.0,5.6000000000000005,57.0,1.14,57,0,-0.6615229585102702,0,,2,10002
inf,ppo_cinf_s9,9,ppo,2.1740493673228882,8.147350175258346,0.0,6.4,53.0,1.06,53,0,-0.7160748605596263,0,,3,10003
inf,ppo_cinf_s9,9,ppo,2.2494192009461647,7.5311242109641565,0.0,6.6000000000000005,57.0,1.14,57,0,-0.6634256240353928,0,,4,10004
inf,ppo_cinf_s9,9,ppo,2.1744700536745105,8.659326909104713,0.0,6.0,58.0,1.16,58,0,-0.7848206235112656,0,,5,10005
inf,ppo_cinf_s9,9,ppo,2.0950947242048312,7.695239292296266,0.0,6.2,57.0,1.14,57,0,-0.6615179054240613,0,,6,10006
inf,ppo_cinf_s9,9,ppo,2.1346865166385958,7.704103637026934,0.0,5.800000000000001,59.0,1.18,59,0,-0.7349849613975119,0,,7,10007
inf,ppo_cinf_s9,9,ppo,2.1757568282014246,7.363361478177297,0.0,5.0,57.0,1.14,57,0,-0.6839965235832826,0,,8,10008
inf,ppo_cinf_s9,9,ppo,2.201811236997438,7.39307637611964,0.0,6.0,55.0,1.1,55,0,-0.717312879586804,0,,9,10009
