C_max,arm,seed,weekly_cost_mean,weekly_cost_sd,weekly_cost_median,weekly_cost_p90,weekly_cost_p99,weekly_cost_max,frac_weeks_at_cap,frac_weeks_zero,total_cost,budget_utilisation,n_sr_per_week,n_sp_per_week
2,none,-1,0.0,0.0,0.0,0.0,0.0,0.0,0.0,1.0,0.0,0.0,0.0,0.0
2,threshold,-1,0.0,0.0,0.0,0.0,0.0,0.0,0.0,1.0,0.0,0.0,0.0,0.0
2,calendar,-1,0.45,0.8291561975888501,0.0,2.0,2.0,2.0,0.22,0.77,225.0,0.225,0.45,0.0
2,mpc1,-1,0.36,0.7144228439796702,0.0,2.0,2.0,2.0,0.14,0.78,180.0,0.18,0.36,0.0
2,ppo,0,0.988,0.979722409665105,1.0,2.0,2.0,2.0,0.474,0.486,494.0,0.494,0.988,0.0
2,ppo,1,0.986,0.9847862712284327,1.0,2.0,2.0,2.0,0.478,0.492,493.0,0.493,0.986,0.0
2,ppo,2,0.954,0.9817759418523149,0.0,2.0,2.0,2.0,0.46,0.506,477.0,0.477,0.954,0.0
2,ppo,3,0.988,0.9939094526162832,0.5,2.0,2.0,2.0,0.488,0.5,494.0,0.494,0.988,0.0
2,ppo,4,1.05,0.9917156850630123,2.0,2.0,2.0,2.0,0.518,0.468,525.0,0.525,1.05,0.0
2,ppo,5,0.994,0.9726068064742298,1.0,2.0,2.0,2.0,0.47,0.476,497.0,0.497,0.994,0.0
2,ppo,6,0.94,0.9901515035589249,0.0,2.0,2.0,2.0,0.462,0.522,470.0,0.47,0.94,0.0
2,ppo,7,1.0,0.9879271228182775,1.0,2.0,2.0,2.0,0.488,0.488,500.0,0.5,1.0,0.0
2,ppo,8,0.962,0.9922479528827459,0.0,2.0,2.0,2.0,0.474,0.512,481.0,0.481,0.962,0.0
2,ppo,9,0.998,0.990957113098241,1.0,2.0,2.0,2.0,0.49,0.492,499.0,0.499,0.998,0.0
4,none,-1,0.0,0.0,0.0,0.0,0.0,0.0,0.0,1.0,0.0,0.0,0.0,0.0
4,threshold,-1,1.584,1.4976461531349787,3.0,3.0,3.0,3.0,0.0,0.472,792.0,0.396,0.0,0.528
4,calendar,-1,0.82,1.5898427595205762,0.0,4.0,4.0,4.0,0.196,0.78,410.0,0.205,0.82,0.0
4,mpc1,-1,0.42,1.0409610943738483,0.0,2.0,4.0,4.0,0.06,0.82,210.0,0.105,0.42,0.0
4,ppo,0,1.162,1.1898554534060009,1.0,3.0,4.0,4.0,0.066,0.384,581.0,0.2905,1.162,0.0
4,ppo,1,1.148,1.270470778884741,1.0,3.0,4.0,4.0,0.05,0.456,574.0,0.287,1.148,0.0
4,ppo,2,1.07,1.3330791424367872,1.0,4.0,4.0,4.0,0.102,0.49,535.0,0.2675,1.07,0.0
4,ppo,3,1.032,1.1657512599178266,1.0,3.0,3.0,3.0,0.0,0.484,516.0,0.258,1.032,0.0
4,ppo,4,1.04,1.2451505933018705,0.0,3.0,4.0,4.0,0.04,0.528,520.0,0.26,1.04,0.0
4,ppo,5,1.056,1.2715596722136167,0.0,3.0,4.0,4.0,0.026,0.52,528.0,0.264,1.056,0.0
4,ppo,6,1.068,1.2326297091989955,1.0,3.0,4.0,4.0,0.054,0.47,534.0,0.267,1.068,0.0
4,ppo,7,1.018,1.212301942586912,0.0,2.0,4.0,4.0,0.062,0.506,509.0,0.2545,1.018,0.0
4,ppo,8,1.118,1.3535420200348416,1.0,4.0,4.0,4.0,0.118,0.484,559.0,0.2795,1.118,0.0
4,ppo,9,1.194,1.3506901939378992,1.0,4.0,4.0,4.0,0.108,0.46,597.0,0.2985,1.194,0.0
6,none,-1,0.0,0.0,0.0,0.0,0.0,0.0,0.0,1.0,0.0,0.0,0.0,0.0
6,threshold,-1,2.88,2.8874902597238314,3.0,6.0,6.0,6.0,0.444,0.484,1440.0,0.48,0.0,0.96
6,calendar,-1,1.056,2.1561224455025743,0.0,6.0,6.0,6.0,0.12,0.788,528.0,0.17600000000000002,1.056,0.0
6,mpc1,-1,0.44,1.1689311356961967,0.0,1.1000000000000227,5.0,5.0,0.0,0.82,220.0,0.07333333333333333,0.44,0.0
6,ppo,0,1.138,1.1776909611608641,1.0,3.0,3.0,4.0,0.0,0.442,569.0,0.18966666666666665,1.138,0.0
6,ppo,1,1.224,1.4784532457944013,1.0,4.0,5.0,6.0,0.002,0.454,612.0,0.204,1.224,0.0
6,ppo,2,1.404,1.084796755157389,1.0,3.0,3.0299999999999727,6.0,0.01,0.18,702.0,0.23399999999999999,1.404,0.0
6,ppo,3,1.572,0.8926455063461644,1.0,3.0,4.0,4.0,0.0,0.0,786.0,0.262,1.572,0.0
6,ppo,4,1.456,1.2280325728579027,1.0,3.0,5.0,5.0,0.0,0.18,728.0,0.24266666666666667,1.456,0.0
6,ppo,5,1.22,1.4069825869569246,0.0,3.0,5.0,5.0,0.0,0.528,610.0,0.20333333333333334,1.22,0.0
6,ppo,6,1.234,1.5909883720505313,0.0,3.0,6.0,6.0,0.044,0.55,617.0,0.20566666666666666,1.234,0.0
6,ppo,7,1.57,1.2004582458378132,1.0,3.0,4.0,4.0,0.0,0.178,785.0,0.26166666666666666,1.57,0.0
6,ppo,8,1.644,1.1718634732766442,1.0,3.0,5.0,6.0,0.004,0.07,822.0,0.27399999999999997,1.644,0.0
6,ppo,9,1.226,1.4110010630754322,1.0,3.0,5.0,6.0,0.002,0.454,613.0,0.20433333333333334,1.226,0.0
8,none,-1,0.0,0.0,0.0,0.0,0.0,0.0,0.0,1.0,0.0,0.0,0.0,0.0
8,threshold,-1,2.88,2.8874902597238314,3.0,6.0,6.0,6.0,0.0,0.484,1440.0,0.36,0.0,0.96
8,calendar,-1,1.12,2.384449622030208,0.0,5.100000000000023,8.0,8.0,0.048,0.79,560.0,0.14,1.12,0.0
8,mpc1,-1,0.44,1.1689311356961967,0.0,1.1000000000000227,5.0,5.0,0.0,0.82,220.0,0.055,0.44,0.0
8,ppo,0,1.776,1.0285057121863739,1.0,3.0,3.0,3.0,0.0,0.058,888.0,0.222,1.776,0.0
8,ppo,1,1.562,1.3748294439675053,1.0,3.0,4.0,4.0,0.0,0.312,781.0,0.19525,1.562,0.0
8,ppo,2,2.31,0.5156549233741494,2.0,3.0,3.0,4.0,0.0,0.0,1155.0,0.28875,2.31,0.0
8,ppo,3,1.752,1.1482578107724764,1.0,4.0,5.0,5.0,0.0,0.0,876.0,0.219,1.752,0.0
8,ppo,4,2.014,1.0304387415077132,2.0,3.0,6.0,6.0,0.0,0.0,1007.0,0.25175,2.014,0.0
8,ppo,5,1.624,1.5970673122946322,2.0,3.0,6.0,6.0,0.0,0.426,812.0,0.203,1.624,0.0
8,ppo,6,1.562,1.4276400106469418,2.0,4.0,5.0,5.0,0.0,0.316,781.0,0.19525,1.562,0.0
8,ppo,7,1.894,0.8165561830027375,2.0,3.0,4.0,5.0,0.0,0.0,947.0,0.23675,1.894,0.0
8,ppo,8,1.88,1.312097557348538,1.0,4.0,6.0,6.0,0.0,0.0,940.0,0.235,1.88,0.0
8,ppo,9,2.228,0.49801204804703264,2.0,3.0,4.0,4.0,0.0,0.0,1114.0,0.2785,2.228,0.0
12,none,-1,0.0,0.0,0.0,0.0,0.0,0.0,0.0,1.0,0.0,0.0,0.0,0.0
12,threshold,-1,4.128,4.847227661251326,0.0,12.0,12.0,12.0,0.182,0.516,2064.0,0.34400000000000003,0.0,1.376
12,calendar,-1,1.134,2.452762524175547,0.0,6.0,9.0,10.0,0.0,0.79,567.0,0.09449999999999999,1.134,0.0
12,mpc1,-1,0.44,1.1689311356961967,0.0,1.1000000000000227,5.0,5.0,0.0,0.82,220.0,0.03666666666666667,0.44,0.0
12,ppo,0,1.984,1.1965550551479025,2.0,3.0,6.0,6.0,0.0,0.0,992.0,0.16533333333333333,1.924,0.02
12,ppo,1,2.968,1.2581637413309923,2.0,4.0,6.009999999999991,7.0,0.0,0.0,1484.0,0.24733333333333332,1.81,0.386
12,ppo,2,2.7,0.7733045971672482,3.0,4.0,5.0,6.0,0.0,0.0,1350.0,0.225,2.664,0.012
12,ppo,3,2.47,1.5235156710713547,2.5,5.0,6.0,6.0,0.0,0.0,1235.0,0.20583333333333334,2.47,0.0
12,ppo,4,3.202,1.2087994043678216,3.0,5.0,5.0,7.0,0.0,0.0,1601.0,0.2668333333333333,3.19,0.004
12,ppo,5,3.272,1.2922909889030412,3.0,5.0,6.0,6.0,0.0,0.0,1636.0,0.27266666666666667,3.242,0.01
12,ppo,6,2.526,1.1938693395845292,2.0,4.0,4.0,5.0,0.0,0.0,1263.0,0.2105,2.466,0.02
12,ppo,7,2.752,1.2955678291776156,2.0,5.0,6.0,6.0,0.0,0.0,1376.0,0.2293333333333333,2.542,0.07
12,ppo,8,2.412,1.6953630879549078,2.0,5.0,6.0,6.0,0.0,0.18,1206.0,0.20099999999999998,2.358,0.018
12,ppo,9,2.388,1.3302090061339986,2.0,5.0,5.0,5.0,0.0,0.0,1194.0,0.19899999999999998,2.388,0.0
inf,none,-1,0.0,0.0,0.0,0.0,0.0,0.0,,1.0,0.0,,0.0,0.0
inf,threshold,-1,4.392,5.888491827284811,0.0,12.0,24.0,27.0,,0.534,2196.0,,0.0,1.464
inf,calendar,-1,1.134,2.452762524175547,0.0,6.0,9.0,10.0,,0.79,567.0,,1.134,0.0
inf,mpc1,-1,0.44,1.1689311356961967,0.0,1.1000000000000227,5.0,5.0,,0.82,220.0,,0.44,0.0
inf,ppo,0,1.292,1.6033514898486856,1.0,4.0,6.0,7.0,,0.462,646.0,,1.292,0.0
inf,ppo,1,1.134,1.6223575438231856,0.0,4.0,6.0,7.0,,0.56,567.0,,1.134,0.0
inf,ppo,2,1.114,1.5274174282101145,0.0,3.0,6.0,8.0,,0.52,557.0,,1.114,0.0
inf,ppo,3,1.038,1.3640219939575755,0.0,3.0,5.0,6.0,,0.52,519.0,,1.038,0.0
inf,ppo,4,1.158,1.5546819610454095,0.0,4.0,6.0,8.0,,0.506,579.0,,1.158,0.0
inf,ppo,5,1.038,1.5377112862953173,0.0,3.0,6.009999999999991,10.0,,0.568,519.0,,1.038,0.0
inf,ppo,6,1.146,1.5115171186592629,0.0,3.0,6.0,7.0,,0.504,573.0,,1.146,0.0
inf,ppo,7,1.06,1.46574213284602,0.0,3.0,5.009999999999991,8.0,,0.56,530.0,,1.06,0.0
inf,ppo,8,1.068,1.4012051955370421,0.0,3.0,5.0,6.0,,0.536,534.0,,1.068,0.0
inf,ppo,9,1.128,1.447624260642243,0.0,3.0,6.0,8.0,,0.502,564.0,,1.128,0.0
