arm,label,seed,model,mean_bi,peak_bi,weeks_bi_ge10_pct,weeks_bi_ge5_pct,total_cost,mean_weekly_cost,n_sr,n_sp,episode_return,n_infeasible_weeks,budget_utilisation,rep,eval_seed
md,C=inf  MultiDiscrete (status quo),0,ppo_cinf_s0,2.0376805038937875,7.133395436495315,0.0,4.0,63.0,1.26,63,0,-0.7102732612059961,0,,0,10000
md,C=inf  MultiDiscrete (status quo),0,ppo_cinf_s0,2.066458704962813,8.70508019085569,0.0,6.4,62.0,1.24,62,0,-0.7835296118077921,0,,1,10001
md,C=inf  MultiDiscrete (status quo),0,ppo_cinf_s0,2.0365259898088026,8.194764720785715,0.0,5.0,63.0,1.26,63,0,-0.769452299774916,0,,2,10002
md,C=inf  MultiDiscrete (status quo),0,ppo_cinf_s0,1.9844518398051665,7.323399653138507,0.0,5.2,64.0,1.28,64,0,-0.7452521952726965,0,,3,10003
md,C=inf  MultiDiscrete (status quo),0,ppo_cinf_s0,2.002059572328174,7.317657067912346,0.0,4.3999999999999995,69.0,1.38,69,0,-0.7565972236479543,0,,4,10004
md,C=inf  MultiDiscrete (status quo),0,ppo_cinf_s0,2.0598807805979304,8.659326909104713,0.0,5.6000000000000005,64.0,1.28,64,0,-0.7971828723770682,0,,5,10005
md,C=inf  MultiDiscrete (status quo),0,ppo_cinf_s0,1.9933597209690377,7.789724449270406,0.0,5.2,65.0,1.3,65,0,-0.7702986503575161,0,,6,10006
md,C=inf  MultiDiscrete (status quo),0,ppo_cinf_s0,2.0403642511944,7.704103637026934,0.0,5.6000000000000005,65.0,1.3,65,0,-0.7675705920851498,0,,7,10007
md,C=inf  MultiDiscrete (status quo),0,ppo_cinf_s0,2.018067338311668,7.363361478177297,0.0,3.4000000000000004,66.0,1.32,66,0,-0.7494668116639599,0,,8,10008
md,C=inf  MultiDiscrete (status quo),0,ppo_cinf_s0,2.034242211114012,6.8488257647001,0.0,5.0,65.0,1.3,65,0,-0.7224083324676511,0,,9,10009
md,C=inf  MultiDiscrete (status quo),1,ppo_cinf_s1,2.169743169265359,7.394338831329825,0.0,5.0,55.0,1.1,55,0,-0.669523086103894,0,,0,10000
md,C=inf  MultiDiscrete (status quo),1,ppo_cinf_s1,2.1594369036623666,8.70508019085569,0.0,7.000000000000001,58.0,1.16,58,0,-0.7193025139305416,0,,1,10001
md,C=inf  MultiDiscrete (status quo),1,ppo_cinf_s1,2.1022155493315218,7.240080056995693,0.0,4.6,60.0,1.2,60,0,-0.6968722283656442,0,,2,10002
md,C=inf  MultiDiscrete (status quo),1,ppo_cinf_s1,2.1289659354420665,8.318885366587367,0.0,6.0,54.0,1.08,54,0,-0.6608821161168799,0,,3,10003
md,C=inf  MultiDiscrete (status quo),1,ppo_cinf_s1,2.255911782957271,7.694652285111873,0.0,5.800000000000001,55.0,1.1,55,0,-0.6673636169129212,0,,4,10004
md,C=inf  MultiDiscrete (status quo),1,ppo_cinf_s1,2.081517597233782,8.659326909104713,0.0,4.0,61.0,1.22,61,0,-0.7354468177492979,0,,5,10005
md,C=inf  MultiDiscrete (status quo),1,ppo_cinf_s1,2.2048781598465146,7.790597956954608,0.0,7.6,53.0,1.06,53,0,-0.7165836440498787,0,,6,10006
md,C=inf  MultiDiscrete (status quo),1,ppo_cinf_s1,2.1269134924308095,7.704103637026934,0.0,5.2,58.0,1.16,58,0,-0.6546837660003431,0,,7,10007
md,C=inf  MultiDiscrete (status quo),1,ppo_cinf_s1,2.179974961503322,7.387481176037665,0.0,6.2,57.0,1.14,57,0,-0.7110186861214338,0,,8,10008
md,C=inf  MultiDiscrete (status quo),1,ppo_cinf_s1,2.168310031690555,7.225538570664787,0.0,5.6000000000000005,56.0,1.12,56,0,-0.6644191718084063,0,,9,10009
md,C=inf  MultiDiscrete (status quo),2,ppo_cinf_s2,2.1338975218860643,7.569426974447725,0.0,5.4,57.0,1.14,57,0,-0.7029556610599467,0,,0,10000
md,C=inf  MultiDiscrete (status quo),2,ppo_cinf_s2,2.205755783845084,8.70508019085569,0.0,7.8,56.0,1.12,56,0,-0.7126972381661897,0,,1,10001
md,C=inf  MultiDiscrete (status quo),2,ppo_cinf_s2,2.1438527128102307,7.358496360008302,0.0,5.800000000000001,57.0,1.14,57,0,-0.6512386648915685,0,,2,10002
md,C=inf  MultiDiscrete (status quo),2,ppo_cinf_s2,2.1509289235366933,8.07712038394164,0.0,5.6000000000000005,54.0,1.08,54,0,-0.6665739101932234,0,,3,10003
md,C=inf  MultiDiscrete (status quo),2,ppo_cinf_s2,2.2391963323099557,7.068208295340132,0.0,6.0,56.0,1.12,56,0,-0.6430108021366976,0,,4,10004
md,C=inf  MultiDiscrete (status quo),2,ppo_cinf_s2,2.2000747133452934,7.6936985763180585,0.0,5.2,54.0,1.08,54,0,-0.6606939117434967,0,,5,10005
md,C=inf  MultiDiscrete (status quo),2,ppo_cinf_s2,2.163223192137184,7.618213781192252,0.0,6.6000000000000005,55.0,1.1,55,0,-0.7029862789083688,0,,6,10006
md,C=inf  MultiDiscrete (status quo),2,ppo_cinf_s2,2.1616629397322034,7.704103637026934,0.0,5.4,57.0,1.14,57,0,-0.668730201768087,0,,7,10007
md,C=inf  MultiDiscrete (status quo),2,ppo_cinf_s2,2.2741344051583563,7.3926067668126985,0.0,6.2,51.0,1.02,51,0,-0.665655229946854,0,,8,10008
md,C=inf  MultiDiscrete (status quo),2,ppo_cinf_s2,2.087919549615557,6.794287070625772,0.0,4.0,60.0,1.2,60,0,-0.6462228102619918,0,,9,10009
md,C=inf  MultiDiscrete (status quo),3,ppo_cinf_s3,2.179373498108516,7.280304866369546,0.0,4.8,54.0,1.08,54,0,-0.6142351832977765,0,,0,10000
md,C=inf  MultiDiscrete (status quo),3,ppo_cinf_s3,2.2224921666272457,7.626075775712913,0.0,6.6000000000000005,53.0,1.06,53,0,-0.6548343457373955,0,,1,10001
md,C=inf  MultiDiscrete (status quo),3,ppo_cinf_s3,2.262156583675632,8.641565942019037,0.0,6.800000000000001,50.0,1.0,50,0,-0.6791230234602639,0,,2,10002
md,C=inf  MultiDiscrete (status quo),3,ppo_cinf_s3,2.1223314650621945,8.154751848128376,0.0,5.0,53.0,1.06,53,0,-0.6266523756955276,0,,3,10003
md,C=inf  MultiDiscrete (status quo),3,ppo_cinf_s3,2.3136297584611003,7.3752349347914015,0.0,6.6000000000000005,52.0,1.04,52,0,-0.6235415945365482,0,,4,10004
md,C=inf  MultiDiscrete (status quo),3,ppo_cinf_s3,2.325914269094497,8.030224822370407,0.0,7.8,49.0,0.98,49,0,-0.6854324634057871,0,,5,10005
md,C=inf  MultiDiscrete (status quo),3,ppo_cinf_s3,2.225022888974566,7.822161783939367,0.0,6.0,51.0,1.02,51,0,-0.6941141912351136,0,,6,10006
md,C=inf  MultiDiscrete (status quo),3,ppo_cinf_s3,2.2976776119650757,6.784419842083096,0.0,8.0,51.0,1.02,51,0,-0.6147602174383157,0,,7,10007
md,C=inf  MultiDiscrete (status quo),3,ppo_cinf_s3,2.2005316232079837,7.640492924153414,0.0,5.800000000000001,55.0,1.1,55,0,-0.6933048875086036,0,,8,10008
md,C=inf  MultiDiscrete (status quo),3,ppo_cinf_s3,2.2650808993815463,7.924138908050765,0.0,6.4,51.0,1.02,51,0,-0.6791502692519713,0,,9,10009
md,C=inf  MultiDiscrete (status quo),4,ppo_cinf_s4,2.1646277895946215,7.252460401688872,0.0,6.2,57.0,1.14,57,0,-0.6550349027859372,0,,0,10000
md,C=inf  MultiDiscrete (status quo),4,ppo_cinf_s4,2.1469289956242057,8.70508019085569,0.0,5.6000000000000005,57.0,1.14,57,0,-0.708522120949246,0,,1,10001
md,C=inf  MultiDiscrete (status quo),4,ppo_cinf_s4,2.146895706573395,7.046852569515854,0.0,6.2,59.0,1.18,59,0,-0.7315243698727573,0,,2,10002
md,C=inf  MultiDiscrete (status quo),4,ppo_cinf_s4,2.1213420948239463,7.9820555504591235,0.0,6.4,56.0,1.12,56,0,-0.7209207699365217,0,,3,10003
md,C=inf  MultiDiscrete (status quo),4,ppo_cinf_s4,2.2168012923672977,7.724114899086885,0.0,5.2,58.0,1.16,58,0,-0.669656379617813,0,,4,10004
md,C=inf  MultiDiscrete (status quo),4,ppo_cinf_s4,2.1978681013670793,8.659326909104713,0.0,6.0,58.0,1.16,58,0,-0.7890271541860983,0,,5,10005
md,C=inf  MultiDiscrete (status quo),4,ppo_cinf_s4,2.1542845682535474,7.611784278772909,0.0,6.6000000000000005,55.0,1.1,55,0,-0.7174375027426456,0,,6,10006
md,C=inf  MultiDiscrete (status quo),4,ppo_cinf_s4,2.1270788276918586,7.704103637026934,0.0,4.8,59.0,1.18,59,0,-0.7162678906858855,0,,7,10007
md,C=inf  MultiDiscrete (status quo),4,ppo_cinf_s4,2.12076750144504,7.363361478177297,0.0,5.4,60.0,1.2,60,0,-0.729028379195815,0,,8,10008
md,C=inf  MultiDiscrete (status quo),4,ppo_cinf_s4,2.0885687178385313,7.732867812602362,0.0,4.0,60.0,1.2,60,0,-0.6968591754823891,0,,9,10009
md,C=inf  MultiDiscrete (status quo),5,ppo_cinf_s5,2.268808008842766,7.442860369008484,0.0,6.800000000000001,49.0,0.98,49,0,-0.6329334474278886,0,,0,10000
md,C=inf  MultiDiscrete (status quo),5,ppo_cinf_s5,2.2153074875105547,8.70508019085569,0.0,7.199999999999999,53.0,1.06,53,0,-0.6971016098878636,0,,1,10001
md,C=inf  MultiDiscrete (status quo),5,ppo_cinf_s5,2.2405694061140085,7.1982876253819565,0.0,7.000000000000001,51.0,1.02,51,0,-0.6165664218495914,0,,2,10002
md,C=inf  MultiDiscrete (status quo),5,ppo_cinf_s5,2.1794134379767547,7.7779326918386165,0.0,7.000000000000001,50.0,1.0,50,0,-0.6343307115478383,0,,3,10003
md,C=inf  MultiDiscrete (status quo),5,ppo_cinf_s5,2.3063177757625315,7.673401874773484,0.0,6.4,51.0,1.02,51,0,-0.6698881252148987,0,,4,10004
md,C=inf  MultiDiscrete (status quo),5,ppo_cinf_s5,2.259579424738948,8.659326909104713,0.0,6.6000000000000005,54.0,1.08,54,0,-0.7677451541121125,0,,5,10005
md,C=inf  MultiDiscrete (status quo),5,ppo_cinf_s5,2.19062424110006,7.5821163201636015,0.0,7.3999999999999995,53.0,1.06,53,0,-0.6724063851666231,0,,6,10006
md,C=inf  MultiDiscrete (status quo),5,ppo_cinf_s5,2.2588272474114874,7.704103637026934,0.0,8.200000000000001,52.0,1.04,52,0,-0.6795140896306868,0,,7,10007
md,C=inf  MultiDiscrete (status quo),5,ppo_cinf_s5,2.217115371847729,7.363361478177297,0.0,5.0,54.0,1.08,54,0,-0.6556694631462825,0,,8,10008
md,C=inf  MultiDiscrete (status quo),5,ppo_cinf_s5,2.231753898213235,7.092656473744137,0.0,6.2,52.0,1.04,52,0,-0.620440843255031,0,,9,10009
md,C=inf  MultiDiscrete (status quo),6,ppo_cinf_s6,2.1624284201106483,7.532508759298518,0.0,5.800000000000001,56.0,1.12,56,0,-0.6656808002592993,0,,0,10000
md,C=inf  MultiDiscrete (status quo),6,ppo_cinf_s6,2.1470744620668234,8.70508019085569,0.0,6.4,57.0,1.14,57,0,-0.7345580632738471,0,,1,10001
md,C=inf  MultiDiscrete (status quo),6,ppo_cinf_s6,2.1934922078662114,8.978823547612004,0.0,7.199999999999999,55.0,1.1,55,0,-0.747554763882072,0,,2,10002
md,C=inf  MultiDiscrete (status quo),6,ppo_cinf_s6,2.0625885691171653,7.696193892216406,0.0,4.8,57.0,1.14,57,0,-0.6683758326726994,0,,3,10003
md,C=inf  MultiDiscrete (status quo),6,ppo_cinf_s6,2.176901930394151,7.834218187847699,0.0,5.4,58.0,1.16,58,0,-0.6874051116853024,0,,4,10004
md,C=inf  MultiDiscrete (status quo),6,ppo_cinf_s6,2.1092113531296883,8.659326909104713,0.0,5.800000000000001,60.0,1.2,60,0,-0.7524433819202427,0,,5,10005
md,C=inf  MultiDiscrete (status quo),6,ppo_cinf_s6,2.060820744175296,7.676935753511848,0.0,5.4,61.0,1.22,61,0,-0.7279972783356099,0,,6,10006
md,C=inf  MultiDiscrete (status quo),6,ppo_cinf_s6,2.11684475645836,7.704103637026934,0.0,5.6000000000000005,58.0,1.16,58,0,-0.742788702631322,0,,7,10007
md,C=inf  MultiDiscrete (status quo),6,ppo_cinf_s6,2.175825288798443,7.363361478177297,0.0,6.2,56.0,1.12,56,0,-0.684071514765447,0,,8,10008
md,C=inf  MultiDiscrete (status quo),6,ppo_cinf_s6,2.1748301833758497,6.8488257647001,0.0,6.4,55.0,1.1,55,0,-0.6460525769805906,0,,9,10009
md,C=inf  MultiDiscrete (status quo),7,ppo_cinf_s7,2.1651861473485345,7.398207419277847,0.0,6.2,52.0,1.04,52,0,-0.6605651947587293,0,,0,10000
md,C=inf  MultiDiscrete (status quo),7,ppo_cinf_s7,2.1449666629392588,8.70508019085569,0.0,6.800000000000001,54.0,1.08,54,0,-0.7453289060782134,0,,1,10001
md,C=inf  MultiDiscrete (status quo),7,ppo_cinf_s7,2.161895865532004,8.072958024948258,0.0,6.6000000000000005,53.0,1.06,53,0,-0.6561186164956346,0,,2,10002
md,C=inf  MultiDiscrete (status quo),7,ppo_cinf_s7,2.111592270421961,7.524031078930419,0.0,5.4,51.0,1.02,51,0,-0.619731186740732,0,,3,10003
md,C=inf  MultiDiscrete (status quo),7,ppo_cinf_s7,2.303856370248611,8.147874933486998,0.0,6.4,50.0,1.0,50,0,-0.6482446401891243,0,,4,10004
md,C=inf  MultiDiscrete (status quo),7,ppo_cinf_s7,2.1659979343984435,8.659326909104713,0.0,5.6000000000000005,54.0,1.08,54,0,-0.7310277119442747,0,,5,10005
md,C=inf  MultiDiscrete (status quo),7,ppo_cinf_s7,2.152862494886391,7.449568160421151,0.0,8.200000000000001,52.0,1.04,52,0,-0.6874451161587953,0,,6,10006
md,C=inf  MultiDiscrete (status quo),7,ppo_cinf_s7,2.1103630145227807,7.111119192575464,0.0,5.2,56.0,1.12,56,0,-0.63011406237987,0,,7,10007
md,C=inf  MultiDiscrete (status quo),7,ppo_cinf_s7,2.2180692090813774,7.520537283936195,0.0,6.2,52.0,1.04,52,0,-0.6656985268865521,0,,8,10008
md,C=inf  MultiDiscrete (status quo),7,ppo_cinf_s7,2.1149831230832485,7.31685934355127,0.0,5.6000000000000005,56.0,1.12,56,0,-0.6369720947980351,0,,9,10009
md,C=inf  MultiDiscrete (status quo),8,ppo_cinf_s8,2.254312997411872,7.333086650925853,0.0,8.0,50.0,1.0,50,0,-0.6667775986054486,0,,0,10000
md,C=inf  MultiDiscrete (status quo),8,ppo_cinf_s8,2.2348833201009075,8.70508019085569,0.0,7.000000000000001,52.0,1.04,52,0,-0.7375683040379862,0,,1,10001
md,C=inf  MultiDiscrete (status quo),8,ppo_cinf_s8,2.115334122125417,7.8523613871028,0.0,4.3999999999999995,57.0,1.14,57,0,-0.6831073248209588,0,,2,10002
md,C=inf  MultiDiscrete (status quo),8,ppo_cinf_s8,2.1088556950090838,7.8934083356644775,0.0,5.4,54.0,1.08,54,0,-0.6183853177087311,0,,3,10003
md,C=inf  MultiDiscrete (status quo),8,ppo_cinf_s8,2.310730303449305,8.256706390970342,0.0,6.6000000000000005,51.0,1.02,51,0,-0.6528875989645795,0,,4,10004
md,C=inf  MultiDiscrete (status quo),8,ppo_cinf_s8,2.233178219973074,8.659326909104713,0.0,5.4,55.0,1.1,55,0,-0.7456816262938959,0,,5,10005
md,C=inf  MultiDiscrete (status quo),8,ppo_cinf_s8,2.1978209353527896,7.723817876480344,0.0,6.800000000000001,51.0,1.02,51,0,-0.7098597616032175,0,,6,10006
md,C=inf  MultiDiscrete (status quo),8,ppo_cinf_s8,2.140125933716117,7.704103637026934,0.0,6.4,57.0,1.14,57,0,-0.669056713607855,0,,7,10007
md,C=inf  MultiDiscrete (status quo),8,ppo_cinf_s8,2.204821337156969,7.503474766525934,0.0,5.6000000000000005,53.0,1.06,53,0,-0.6402018943424951,0,,8,10008
md,C=inf  MultiDiscrete (status quo),8,ppo_cinf_s8,2.1753761794373587,7.654952209815716,0.0,6.4,54.0,1.08,54,0,-0.6660038663436619,0,,9,10009
md,C=inf  MultiDiscrete (status quo),9,ppo_cinf_s9,2.143130412412464,7.280857684442738,0.0,4.6,58.0,1.16,58,0,-0.6678556703628518,0,,0,10000
md,C=inf  MultiDiscrete (status quo),9,ppo_cinf_s9,2.2405334027544397,7.811251433624186,0.0,7.199999999999999,53.0,1.06,53,0,-0.7201726741088359,0,,1,10001
md,C=inf  MultiDiscrete (status quo),9,ppo_cinf_s9,2.1601156261068364,7.553792621518082,0.0,5.6000000000000005,57.0,1.14,57,0,-0.6615229585102702,0,,2,10002
md,C=inf  MultiDiscrete (status quo),9,ppo_cinf_s9,2.1740493673228882,8.147350175258346,0.0,6.4,53.0,1.06,53,0,-0.7160748605596263,0,,3,10003
md,C=inf  MultiDiscrete (status quo),9,ppo_cinf_s9,2.2494192009461647,7.5311242109641565,0.0,6.6000000000000005,57.0,1.14,57,0,-0.6634256240353928,0,,4,10004
md,C=inf  MultiDiscrete (status quo),9,ppo_cinf_s9,2.1744700536745105,8.659326909104713,0.0,6.0,58.0,1.16,58,0,-0.7848206235112656,0,,5,10005
md,C=inf  MultiDiscrete (status quo),9,ppo_cinf_s9,2.0950947242048312,7.695239292296266,0.0,6.2,57.0,1.14,57,0,-0.6615179054240613,0,,6,10006
md,C=inf  MultiDiscrete (status quo),9,ppo_cinf_s9,2.1346865166385958,7.704103637026934,0.0,5.800000000000001,59.0,1.18,59,0,-0.7349849613975119,0,,7,10007
md,C=inf  MultiDiscrete (status quo),9,ppo_cinf_s9,2.1757568282014246,7.363361478177297,0.0,5.0,57.0,1.14,57,0,-0.6839965235832826,0,,8,10008
md,C=inf  MultiDiscrete (status quo),9,ppo_cinf_s9,2.201811236997438,7.39307637611964,0.0,6.0,55.0,1.1,55,0,-0.717312879586804,0,,9,10009
nest56,C=inf  Discrete(56) nested,0,ppo_nest56_s0,2.2585478794155542,7.885136519214123,0.0,7.199999999999999,51.0,1.02,51,0,-0.6198744143594742,0,,0,10000
nest56,C=inf  Discrete(56) nested,0,ppo_nest56_s0,2.295399038234503,8.70508019085569,0.0,7.199999999999999,49.0,0.98,49,0,-0.6925246179147383,0,,1,10001
nest56,C=inf  Discrete(56) nested,0,ppo_nest56_s0,2.2733292234481706,8.585777600554403,0.0,8.200000000000001,51.0,1.02,51,0,-0.7281322230451709,0,,2,10002
nest56,C=inf  Discrete(56) nested,0,ppo_nest56_s0,2.2323508610055263,7.9549121784894385,0.0,7.000000000000001,50.0,1.0,50,0,-0.6720839946567259,0,,3,10003
nest56,C=inf  Discrete(56) nested,0,ppo_nest56_s0,2.344752443228551,7.47419888044895,0.0,7.6,51.0,1.02,51,0,-0.6513676375218036,0,,4,10004
nest56,C=inf  Discrete(56) nested,0,ppo_nest56_s0,2.3098448231790654,8.659326909104713,0.0,6.4,51.0,1.02,51,0,-0.7119955792109798,0,,5,10005
nest56,C=inf  Discrete(56) nested,0,ppo_nest56_s0,2.269458406306539,7.266553698390535,0.0,8.0,49.0,0.98,49,0,-0.6671808281663871,0,,6,10006
nest56,C=inf  Discrete(56) nested,0,ppo_nest56_s0,2.2885807010048684,7.704103637026934,0.0,7.3999999999999995,51.0,1.02,51,0,-0.6828763767890392,0,,7,10007
nest56,C=inf  Discrete(56) nested,0,ppo_nest56_s0,2.3657380654478755,7.363361478177297,0.0,8.200000000000001,47.0,0.94,47,0,-0.6375272581701932,0,,8,10008
nest56,C=inf  Discrete(56) nested,0,ppo_nest56_s0,2.3924572334456253,7.440477166673594,0.0,8.799999999999999,44.0,0.88,44,0,-0.6328224347288048,0,,9,10009
nest56,C=inf  Discrete(56) nested,1,ppo_nest56_s1,2.2996392319417875,7.457870370139448,0.0,6.4,49.0,0.98,49,0,-0.5887072888233482,0,,0,10000
nest56,C=inf  Discrete(56) nested,1,ppo_nest56_s1,2.3411157555447804,8.70508019085569,0.0,8.200000000000001,48.0,0.96,48,0,-0.7446131760138988,0,,1,10001
nest56,C=inf  Discrete(56) nested,1,ppo_nest56_s1,2.2465498166610542,9.392186383195064,0.0,6.0,53.0,1.06,53,0,-0.6776868741842643,0,,2,10002
nest56,C=inf  Discrete(56) nested,1,ppo_nest56_s1,2.24117321142499,8.19634361290613,0.0,7.199999999999999,48.0,0.96,48,0,-0.6297006109548033,0,,3,10003
nest56,C=inf  Discrete(56) nested,1,ppo_nest56_s1,2.3370308160668416,8.18717473662043,0.0,6.800000000000001,51.0,1.02,51,0,-0.666484294782268,0,,4,10004
nest56,C=inf  Discrete(56) nested,1,ppo_nest56_s1,2.3172785445238104,8.659326909104713,0.0,7.3999999999999995,51.0,1.02,51,0,-0.7265815908926128,0,,5,10005
nest56,C=inf  Discrete(56) nested,1,ppo_nest56_s1,2.2841694560426795,7.589154363986541,0.0,8.0,48.0,0.96,48,0,-0.6424966994592849,0,,6,10006
nest56,C=inf  Discrete(56) nested,1,ppo_nest56_s1,2.3563743005913333,7.111119192575464,0.0,8.0,47.0,0.94,47,0,-0.5979095818668048,0,,7,10007
nest56,C=inf  Discrete(56) nested,1,ppo_nest56_s1,2.313184351073932,7.3926067668126985,0.0,6.4,51.0,1.02,51,0,-0.6676283266198798,0,,8,10008
nest56,C=inf  Discrete(56) nested,1,ppo_nest56_s1,2.3384444549529153,7.247882544238849,0.0,7.8,47.0,0.94,47,0,-0.604181929729135,0,,9,10009
nest56,C=inf  Discrete(56) nested,2,ppo_nest56_s2,2.3097737190343026,8.149538002142947,0.0,6.800000000000001,48.0,0.96,48,0,-0.6371459317132306,0,,0,10000
nest56,C=inf  Discrete(56) nested,2,ppo_nest56_s2,2.343656124393882,8.70508019085569,0.0,9.0,47.0,0.94,47,0,-0.6907090720973021,0,,1,10001
nest56,C=inf  Discrete(56) nested,2,ppo_nest56_s2,2.323773511741775,8.585777600554403,0.0,8.0,48.0,0.96,48,0,-0.7134708690524438,0,,2,10002
nest56,C=inf  Discrete(56) nested,2,ppo_nest56_s2,2.224963840974813,8.067241462147832,0.0,7.3999999999999995,49.0,0.98,49,0,-0.6397831445648613,0,,3,10003
nest56,C=inf  Discrete(56) nested,2,ppo_nest56_s2,2.382027213406508,7.851902511516341,0.0,7.8,49.0,0.98,49,0,-0.6445191453993524,0,,4,10004
nest56,C=inf  Discrete(56) nested,2,ppo_nest56_s2,2.4616766744715495,9.25143592459991,0.0,9.6,42.0,0.84,42,0,-0.7628695983255667,0,,5,10005
nest56,C=inf  Discrete(56) nested,2,ppo_nest56_s2,2.2885135928965346,7.839607050054032,0.0,7.8,47.0,0.94,47,0,-0.671094879961482,0,,6,10006
nest56,C=inf  Discrete(56) nested,2,ppo_nest56_s2,2.380900977250213,7.744200473824529,0.0,9.4,46.0,0.92,46,0,-0.6726904173015938,0,,7,10007
nest56,C=inf  Discrete(56) nested,2,ppo_nest56_s2,2.2858724781481317,8.261627920289122,0.0,6.4,52.0,1.04,52,0,-0.6925399189217226,0,,8,10008
nest56,C=inf  Discrete(56) nested,2,ppo_nest56_s2,2.320980265369808,7.690973274320591,0.0,8.6,49.0,0.98,49,0,-0.704807459118772,0,,9,10009
nest56,C=inf  Discrete(56) nested,3,ppo_nest56_s3,2.3414120458882053,7.574075951062567,0.0,8.799999999999999,46.0,0.92,46,0,-0.656414602654622,0,,0,10000
nest56,C=inf  Discrete(56) nested,3,ppo_nest56_s3,2.274390989221671,7.391072947006663,0.0,7.6,52.0,1.04,52,0,-0.6378710190390271,0,,1,10001
nest56,C=inf  Discrete(56) nested,3,ppo_nest56_s3,2.297695348274232,7.784562790036554,0.0,6.0,49.0,0.98,49,0,-0.6468450247012374,0,,2,10002
nest56,C=inf  Discrete(56) nested,3,ppo_nest56_s3,2.238399304756199,8.035284713262138,0.0,6.6000000000000005,48.0,0.96,48,0,-0.6087631403444113,0,,3,10003
nest56,C=inf  Discrete(56) nested,3,ppo_nest56_s3,2.362976357894664,7.462794909988114,0.0,7.199999999999999,51.0,1.02,51,0,-0.6362647076680404,0,,4,10004
nest56,C=inf  Discrete(56) nested,3,ppo_nest56_s3,2.3541646948349735,8.659326909104713,0.0,7.8,47.0,0.94,47,0,-0.6781800659970509,0,,5,10005
nest56,C=inf  Discrete(56) nested,3,ppo_nest56_s3,2.236396208644712,7.736322761219803,0.0,6.800000000000001,50.0,1.0,50,0,-0.6772007736130146,0,,6,10006
nest56,C=inf  Discrete(56) nested,3,ppo_nest56_s3,2.2834050403462154,7.704103637026934,0.0,8.4,51.0,1.02,51,0,-0.6906335530173452,0,,7,10007
nest56,C=inf  Discrete(56) nested,3,ppo_nest56_s3,2.335328643736019,7.363361478177297,0.0,7.3999999999999995,48.0,0.96,48,0,-0.6680049938776793,0,,8,10008
nest56,C=inf  Discrete(56) nested,3,ppo_nest56_s3,2.2635220085778927,7.218847290841529,0.0,7.000000000000001,52.0,1.04,52,0,-0.6665883686635434,0,,9,10009
nest56,C=inf  Discrete(56) nested,4,ppo_nest56_s4,2.2100292831461474,7.574075951062567,0.0,5.4,54.0,1.08,54,0,-0.6680699943697928,0,,0,10000
nest56,C=inf  Discrete(56) nested,4,ppo_nest56_s4,2.2126865300041216,7.92145281460439,0.0,6.6000000000000005,55.0,1.1,55,0,-0.7168102088904963,0,,1,10001
nest56,C=inf  Discrete(56) nested,4,ppo_nest56_s4,2.2836974936696106,9.021674239819625,0.0,7.8,50.0,1.0,50,0,-0.6866896490790253,0,,2,10002
nest56,C=inf  Discrete(56) nested,4,ppo_nest56_s4,2.2088227287876405,8.132316589478174,0.0,6.6000000000000005,50.0,1.0,50,0,-0.6451416861470666,0,,3,10003
nest56,C=inf  Discrete(56) nested,4,ppo_nest56_s4,2.3167996743407935,7.455291224429695,0.0,7.199999999999999,53.0,1.06,53,0,-0.7191127850691623,0,,4,10004
nest56,C=inf  Discrete(56) nested,4,ppo_nest56_s4,2.248929037266097,8.659326909104713,0.0,6.2,54.0,1.08,54,0,-0.7254643491747268,0,,5,10005
nest56,C=inf  Discrete(56) nested,4,ppo_nest56_s4,2.2600845102083857,7.781674914600138,0.0,8.4,49.0,0.98,49,0,-0.6849642630365143,0,,6,10006
nest56,C=inf  Discrete(56) nested,4,ppo_nest56_s4,2.2932974974920173,8.37492320770907,0.0,6.0,50.0,1.0,50,0,-0.6663059540871217,0,,7,10007
nest56,C=inf  Discrete(56) nested,4,ppo_nest56_s4,2.228188384206387,7.751765574877441,0.0,6.0,55.0,1.1,55,0,-0.6843647619375358,0,,8,10008
nest56,C=inf  Discrete(56) nested,4,ppo_nest56_s4,2.1959957159327343,6.978489497724081,0.0,7.000000000000001,55.0,1.1,55,0,-0.6664479671819143,0,,9,10009
nest56,C=inf  Discrete(56) nested,5,ppo_nest56_s5,2.2805580771701632,7.456026731863112,0.0,7.000000000000001,50.0,1.0,50,0,-0.6191146778759322,0,,0,10000
nest56,C=inf  Discrete(56) nested,5,ppo_nest56_s5,2.301565073300412,7.361017660856107,0.0,7.3999999999999995,50.0,1.0,50,0,-0.6407144555895039,0,,1,10001
nest56,C=inf  Discrete(56) nested,5,ppo_nest56_s5,2.294602349199669,9.392186383195064,0.0,7.000000000000001,51.0,1.02,51,0,-0.6786933250995049,0,,2,10002
nest56,C=inf  Discrete(56) nested,5,ppo_nest56_s5,2.209440669986554,7.792702155691296,0.0,5.4,51.0,1.02,51,0,-0.6341810218240529,0,,3,10003
nest56,C=inf  Discrete(56) nested,5,ppo_nest56_s5,2.4137565194784973,7.705353272541164,0.0,8.200000000000001,47.0,0.94,47,0,-0.6115590111406826,0,,4,10004
nest56,C=inf  Discrete(56) nested,5,ppo_nest56_s5,2.374789413780304,8.659326909104713,0.0,7.6,47.0,0.94,47,0,-0.6874734969775973,0,,5,10005
nest56,C=inf  Discrete(56) nested,5,ppo_nest56_s5,2.219385676172382,7.470777372005826,0.0,5.4,52.0,1.04,52,0,-0.6323337452708735,0,,6,10006
nest56,C=inf  Discrete(56) nested,5,ppo_nest56_s5,2.298122860568899,7.111119192575464,0.0,5.800000000000001,51.0,1.02,51,0,-0.613505433733833,0,,7,10007
nest56,C=inf  Discrete(56) nested,5,ppo_nest56_s5,2.3459975232756025,8.79202342254989,0.0,7.199999999999999,48.0,0.96,48,0,-0.6635272873898277,0,,8,10008
nest56,C=inf  Discrete(56) nested,5,ppo_nest56_s5,2.2976369266148486,7.028124539101623,0.0,6.2,50.0,1.0,50,0,-0.5864133904784453,0,,9,10009
nest56,C=inf  Discrete(56) nested,6,ppo_nest56_s6,2.320297945155743,7.574075951062567,0.0,7.000000000000001,47.0,0.94,47,0,-0.634892386576716,0,,0,10000
nest56,C=inf  Discrete(56) nested,6,ppo_nest56_s6,2.347262828642498,8.70508019085569,0.0,8.4,47.0,0.94,47,0,-0.6918244787490578,0,,1,10001
nest56,C=inf  Discrete(56) nested,6,ppo_nest56_s6,2.364836573608211,8.072958024948258,0.0,8.6,45.0,0.9,45,0,-0.6372978993699294,0,,2,10002
nest56,C=inf  Discrete(56) nested,6,ppo_nest56_s6,2.294198206241519,7.895998276551713,0.0,7.6,45.0,0.9,45,0,-0.6190966028988917,0,,3,10003
nest56,C=inf  Discrete(56) nested,6,ppo_nest56_s6,2.4710404906891004,7.7318078068957625,0.0,8.200000000000001,43.0,0.86,43,0,-0.5889383880077508,0,,4,10004
nest56,C=inf  Discrete(56) nested,6,ppo_nest56_s6,2.412745565217051,8.659326909104713,0.0,8.4,44.0,0.88,44,0,-0.639973343201062,0,,5,10005
nest56,C=inf  Discrete(56) nested,6,ppo_nest56_s6,2.2997880970471454,7.537286482818847,0.0,8.4,47.0,0.94,47,0,-0.6341915926730918,0,,6,10006
nest56,C=inf  Discrete(56) nested,6,ppo_nest56_s6,2.3867557852693135,8.191872680131425,0.0,9.4,45.0,0.9,45,0,-0.6634530694484386,0,,7,10007
nest56,C=inf  Discrete(56) nested,6,ppo_nest56_s6,2.2445095194429148,7.426897688219703,0.0,6.800000000000001,54.0,1.08,54,0,-0.6571474216130917,0,,8,10008
nest56,C=inf  Discrete(56) nested,6,ppo_nest56_s6,2.2357032588930967,7.044829748489743,0.0,6.0,53.0,1.06,53,0,-0.6362611466221512,0,,9,10009
nest56,C=inf  Discrete(56) nested,7,ppo_nest56_s7,2.2791952783848326,7.375222674089697,0.0,6.800000000000001,49.0,0.98,49,0,-0.594142710942503,0,,0,10000
nest56,C=inf  Discrete(56) nested,7,ppo_nest56_s7,2.3102626958319674,8.70508019085569,0.0,7.199999999999999,50.0,1.0,50,0,-0.693018202066394,0,,1,10001
nest56,C=inf  Discrete(56) nested,7,ppo_nest56_s7,2.2593596342181104,7.046852569515854,0.0,6.6000000000000005,51.0,1.02,51,0,-0.6041174856313261,0,,2,10002
nest56,C=inf  Discrete(56) nested,7,ppo_nest56_s7,2.183107202772803,7.986910168311628,0.0,6.4,53.0,1.06,53,0,-0.6775546109782726,0,,3,10003
nest56,C=inf  Discrete(56) nested,7,ppo_nest56_s7,2.352275142046939,7.830986819646872,0.0,7.6,50.0,1.0,50,0,-0.6539964123699098,0,,4,10004
nest56,C=inf  Discrete(56) nested,7,ppo_nest56_s7,2.2617094862137126,8.659326909104713,0.0,6.4,55.0,1.1,55,0,-0.7214305756854515,0,,5,10005
nest56,C=inf  Discrete(56) nested,7,ppo_nest56_s7,2.297458610437977,7.419362785338488,0.0,7.199999999999999,47.0,0.94,47,0,-0.6490455726795977,0,,6,10006
nest56,C=inf  Discrete(56) nested,7,ppo_nest56_s7,2.288874945017324,7.704103637026934,0.0,7.000000000000001,51.0,1.02,51,0,-0.6430475695169856,0,,7,10007
nest56,C=inf  Discrete(56) nested,7,ppo_nest56_s7,2.357533517918588,7.3926067668126985,0.0,7.000000000000001,47.0,0.94,47,0,-0.6116787142345363,0,,8,10008
nest56,C=inf  Discrete(56) nested,7,ppo_nest56_s7,2.334983111581106,7.56153475811312,0.0,6.800000000000001,47.0,0.94,47,0,-0.6020359706639342,0,,9,10009
nest56,C=inf  Discrete(56) nested,8,ppo_nest56_s8,2.378489841012754,7.657193309938908,0.0,7.8,44.0,0.88,44,0,-0.6256024638315141,0,,0,10000
nest56,C=inf  Discrete(56) nested,8,ppo_nest56_s8,2.3655644352723986,8.70508019085569,0.0,8.799999999999999,48.0,0.96,48,0,-0.69868947979312,0,,1,10001
nest56,C=inf  Discrete(56) nested,8,ppo_nest56_s8,2.2816941769778847,7.253870362149814,0.0,7.6,49.0,0.98,49,0,-0.6020610454635946,0,,2,10002
nest56,C=inf  Discrete(56) nested,8,ppo_nest56_s8,2.2414848033924124,7.958791304477136,0.0,8.0,48.0,0.96,48,0,-0.6266080322204672,0,,3,10003
nest56,C=inf  Discrete(56) nested,8,ppo_nest56_s8,2.340755143850898,7.68481058104621,0.0,8.200000000000001,51.0,1.02,51,0,-0.6225428804071103,0,,4,10004
nest56,C=inf  Discrete(56) nested,8,ppo_nest56_s8,2.2678807026612047,8.659326909104713,0.0,5.800000000000001,53.0,1.06,53,0,-0.7136570610845725,0,,5,10005
nest56,C=inf  Discrete(56) nested,8,ppo_nest56_s8,2.2723567849584048,7.839487545682129,0.0,8.200000000000001,48.0,0.96,48,0,-0.6691071779312012,0,,6,10006
nest56,C=inf  Discrete(56) nested,8,ppo_nest56_s8,2.335155936134568,7.704103637026934,0.0,8.799999999999999,46.0,0.92,46,0,-0.6016693920409695,0,,7,10007
nest56,C=inf  Discrete(56) nested,8,ppo_nest56_s8,2.3904722591703704,8.261627920289122,0.0,7.6,45.0,0.9,45,0,-0.6513296264680934,0,,8,10008
nest56,C=inf  Discrete(56) nested,8,ppo_nest56_s8,2.27904585511767,7.558290190292121,0.0,7.000000000000001,49.0,0.98,49,0,-0.6135599809705836,0,,9,10009
nest56,C=inf  Discrete(56) nested,9,ppo_nest56_s9,2.3071923737110445,7.347766777952396,0.0,6.800000000000001,48.0,0.96,48,0,-0.6120153393720211,0,,0,10000
nest56,C=inf  Discrete(56) nested,9,ppo_nest56_s9,2.3252310701797723,8.70508019085569,0.0,7.8,49.0,0.98,49,0,-0.7239497778362263,0,,1,10001
nest56,C=inf  Discrete(56) nested,9,ppo_nest56_s9,2.313308365166235,7.52011382237611,0.0,8.4,48.0,0.96,48,0,-0.676210782583008,0,,2,10002
nest56,C=inf  Discrete(56) nested,9,ppo_nest56_s9,2.1903634766086197,7.369433366119896,0.0,6.0,52.0,1.04,52,0,-0.6358271368777488,0,,3,10003
nest56,C=inf  Discrete(56) nested,9,ppo_nest56_s9,2.300966407820521,8.971254284610232,0.0,6.4,53.0,1.06,53,0,-0.6852893782890639,0,,4,10004
nest56,C=inf  Discrete(56) nested,9,ppo_nest56_s9,2.294283701615623,8.659326909104713,0.0,6.800000000000001,50.0,1.0,50,0,-0.7010405444887442,0,,5,10005
nest56,C=inf  Discrete(56) nested,9,ppo_nest56_s9,2.25699872286168,7.411818824428914,0.0,7.8,49.0,0.98,49,0,-0.638903018291995,0,,6,10006
nest56,C=inf  Discrete(56) nested,9,ppo_nest56_s9,2.3053117208051406,7.704103637026934,0.0,7.199999999999999,50.0,1.0,50,0,-0.6401635585815586,0,,7,10007
nest56,C=inf  Discrete(56) nested,9,ppo_nest56_s9,2.3179059466544385,7.935715151565363,0.0,6.800000000000001,49.0,0.98,49,0,-0.7161331560218045,0,,8,10008
nest56,C=inf  Discrete(56) nested,9,ppo_nest56_s9,2.277172051111146,7.307064889001435,0.0,6.2,51.0,1.02,51,0,-0.654392276940867,0,,9,10009
nest486,C=inf  Discrete(486) nested,0,ppo_nest486_s0,2.2585383196309854,7.5444378782053265,0.0,7.8,51.0,1.02,51,0,-0.6423542641414423,0,,0,10000
nest486,C=inf  Discrete(486) nested,0,ppo_nest486_s0,2.128898422289735,7.811251433624186,0.0,6.6000000000000005,57.0,1.14,57,0,-0.7220387562036779,0,,1,10001
nest486,C=inf  Discrete(486) nested,0,ppo_nest486_s0,2.0985981754933505,7.1415530388499615,0.0,5.2,59.0,1.18,59,0,-0.6750101300341103,0,,2,10002
nest486,C=inf  Discrete(486) nested,0,ppo_nest486_s0,2.034006219653708,7.96678073370247,0.0,4.8,57.0,1.14,57,0,-0.6519470582093565,0,,3,10003
nest486,C=inf  Discrete(486) nested,0,ppo_nest486_s0,2.1353947855980997,7.5311242109641565,0.0,4.2,61.0,1.22,61,0,-0.7141965321017547,0,,4,10004
nest486,C=inf  Discrete(486) nested,0,ppo_nest486_s0,2.144385755538655,8.659326909104713,0.0,4.8,58.0,1.16,58,0,-0.7357586053222704,0,,5,10005
nest486,C=inf  Discrete(486) nested,0,ppo_nest486_s0,2.203863301140317,8.395794337317502,0.0,7.199999999999999,52.0,1.04,52,0,-0.7144293913677289,0,,6,10006
nest486,C=inf  Discrete(486) nested,0,ppo_nest486_s0,2.2140516529938097,6.6946199793932974,0.0,8.6,54.0,1.08,54,0,-0.6368578889992069,0,,7,10007
nest486,C=inf  Discrete(486) nested,0,ppo_nest486_s0,2.2450482453064233,8.030298647990863,0.0,6.4,54.0,1.08,54,0,-0.6989857946709879,0,,8,10008
nest486,C=inf  Discrete(486) nested,0,ppo_nest486_s0,2.1524121870524975,7.0739128102422075,0.0,5.0,55.0,1.1,55,0,-0.6439493844689197,0,,9,10009
nest486,C=inf  Discrete(486) nested,1,ppo_nest486_s1,2.193434122933694,7.352383342217991,0.0,6.4,53.0,1.06,53,0,-0.6195125652081412,0,,0,10000
nest486,C=inf  Discrete(486) nested,1,ppo_nest486_s1,2.3039099982232796,8.70508019085569,0.0,9.6,50.0,1.0,50,0,-0.6847226703445298,0,,1,10001
nest486,C=inf  Discrete(486) nested,1,ppo_nest486_s1,2.392581384886791,8.19683529261347,0.0,9.2,45.0,0.9,45,0,-0.6886770513319964,0,,2,10002
nest486,C=inf  Discrete(486) nested,1,ppo_nest486_s1,2.2703232950114502,8.92888233097468,0.0,8.6,47.0,0.94,47,0,-0.7212421267256889,0,,3,10003
nest486,C=inf  Discrete(486) nested,1,ppo_nest486_s1,2.3448038641763764,7.583142235415624,0.0,7.3999999999999995,50.0,1.0,50,0,-0.6456857733751893,0,,4,10004
nest486,C=inf  Discrete(486) nested,1,ppo_nest486_s1,2.323145451972473,7.7995053863309245,0.0,7.8,49.0,0.98,49,0,-0.7023468233689634,0,,5,10005
nest486,C=inf  Discrete(486) nested,1,ppo_nest486_s1,2.2093545010781965,7.2596022379246925,0.0,7.199999999999999,52.0,1.04,52,0,-0.7063640939621669,0,,6,10006
nest486,C=inf  Discrete(486) nested,1,ppo_nest486_s1,2.309926343631496,8.574828581913918,0.0,9.0,50.0,1.0,50,0,-0.7701603150312648,0,,7,10007
nest486,C=inf  Discrete(486) nested,1,ppo_nest486_s1,2.320400248498306,8.672837683127756,0.0,8.0,49.0,0.98,49,0,-0.8016809347821474,0,,8,10008
nest486,C=inf  Discrete(486) nested,1,ppo_nest486_s1,2.2229303724889213,6.8488257647001,0.0,7.000000000000001,53.0,1.06,53,0,-0.6351930755119866,0,,9,10009
nest486,C=inf  Discrete(486) nested,2,ppo_nest486_s2,2.1192463999810585,7.507422343722173,0.0,6.4,57.0,1.14,57,0,-0.6868303536828935,0,,0,10000
nest486,C=inf  Discrete(486) nested,2,ppo_nest486_s2,2.10087177121905,7.73548024323394,0.0,6.0,58.0,1.16,58,0,-0.7220944396311347,0,,1,10001
nest486,C=inf  Discrete(486) nested,2,ppo_nest486_s2,2.2566702545709094,8.585777600554403,0.0,8.799999999999999,51.0,1.02,51,0,-0.6887489600906562,0,,2,10002
nest486,C=inf  Discrete(486) nested,2,ppo_nest486_s2,2.0244036017955,7.86861731672605,0.0,4.0,60.0,1.2,60,0,-0.6597147564349579,0,,3,10003
nest486,C=inf  Discrete(486) nested,2,ppo_nest486_s2,2.228233972514734,9.101668053870561,0.0,6.800000000000001,56.0,1.12,56,0,-0.7318259264038955,0,,4,10004
nest486,C=inf  Discrete(486) nested,2,ppo_nest486_s2,2.1364565528583563,8.659326909104713,0.0,5.2,58.0,1.16,58,0,-0.7389747094662975,0,,5,10005
nest486,C=inf  Discrete(486) nested,2,ppo_nest486_s2,2.22970758903569,7.742525812528749,0.0,8.4,50.0,1.0,50,0,-0.6905147774421265,0,,6,10006
nest486,C=inf  Discrete(486) nested,2,ppo_nest486_s2,2.2121259054965057,7.321602243630813,0.0,6.800000000000001,53.0,1.06,53,0,-0.6640908160694394,0,,7,10007
nest486,C=inf  Discrete(486) nested,2,ppo_nest486_s2,2.136454206311294,7.498356750097118,0.0,5.6000000000000005,58.0,1.16,58,0,-0.6712904642743169,0,,8,10008
nest486,C=inf  Discrete(486) nested,2,ppo_nest486_s2,2.1939905295069564,8.05381081418012,0.0,6.2,53.0,1.06,53,0,-0.6693104213787252,0,,9,10009
nest486,C=inf  Discrete(486) nested,3,ppo_nest486_s3,1.9824784975923924,7.483647397551324,0.0,4.2,78.0,1.56,78,0,-0.8549218924759842,0,,0,10000
nest486,C=inf  Discrete(486) nested,3,ppo_nest486_s3,2.0127966897784635,8.068892358925769,0.0,4.3999999999999995,76.0,1.52,76,0,-0.8463908210296058,0,,1,10001
nest486,C=inf  Discrete(486) nested,3,ppo_nest486_s3,2.0188889179757847,7.877446680301273,0.0,5.0,76.0,1.52,76,0,-0.8699146874228633,0,,2,10002
nest486,C=inf  Discrete(486) nested,3,ppo_nest486_s3,1.96564919260723,6.843075945320689,0.0,3.5999999999999996,76.0,1.52,76,0,-0.8107002518075764,0,,3,10003
nest486,C=inf  Discrete(486) nested,3,ppo_nest486_s3,2.1966478281600077,7.627437498980471,0.0,6.0,71.0,1.42,71,0,-0.8601662844113459,0,,4,10004
nest486,C=inf  Discrete(486) nested,3,ppo_nest486_s3,2.1261587501946906,8.659326909104713,0.0,5.800000000000001,75.0,1.5,75,0,-0.8945814533167883,0,,5,10005
nest486,C=inf  Discrete(486) nested,3,ppo_nest486_s3,2.0203205152457477,7.660231036643311,0.0,5.4,75.0,1.5,75,0,-0.8460999010618948,0,,6,10006
nest486,C=inf  Discrete(486) nested,3,ppo_nest486_s3,2.0689749407201528,7.161867771959228,0.0,6.2,74.0,1.48,74,0,-0.8206696979055359,0,,7,10007
nest486,C=inf  Discrete(486) nested,3,ppo_nest486_s3,2.087590286961501,7.486450111921915,0.0,5.6000000000000005,74.0,1.48,74,0,-0.8617777352580358,0,,8,10008
nest486,C=inf  Discrete(486) nested,3,ppo_nest486_s3,2.0697942071877335,7.119911290968477,0.0,5.2,74.0,1.48,74,0,-0.8355843540862035,0,,9,10009
nest486,C=inf  Discrete(486) nested,4,ppo_nest486_s4,2.1880038834647486,7.681892752572848,0.0,6.2,53.0,1.06,53,0,-0.6696212001201545,0,,0,10000
nest486,C=inf  Discrete(486) nested,4,ppo_nest486_s4,2.141622446599022,8.70508019085569,0.0,6.2,57.0,1.14,57,0,-0.7604637388157267,0,,1,10001
nest486,C=inf  Discrete(486) nested,4,ppo_nest486_s4,2.192201443341175,7.309387238874045,0.0,8.4,53.0,1.06,53,0,-0.6467591817074805,0,,2,10002
nest486,C=inf  Discrete(486) nested,4,ppo_nest486_s4,2.1724406030977947,7.997929448565867,0.0,6.2,50.0,1.0,50,0,-0.6095946277290873,0,,3,10003
nest486,C=inf  Discrete(486) nested,4,ppo_nest486_s4,2.2606122647857485,8.50909399215601,0.0,7.199999999999999,54.0,1.08,54,0,-0.7520270691070593,0,,4,10004
nest486,C=inf  Discrete(486) nested,4,ppo_nest486_s4,2.161690438167906,8.659326909104713,0.0,5.0,56.0,1.12,56,0,-0.7161638408183676,0,,5,10005
nest486,C=inf  Discrete(486) nested,4,ppo_nest486_s4,2.1503000217232437,7.2987334737139,0.0,5.4,54.0,1.08,54,0,-0.6895765374178493,0,,6,10006
nest486,C=inf  Discrete(486) nested,4,ppo_nest486_s4,2.249851822447965,7.704103637026934,0.0,7.000000000000001,51.0,1.02,51,0,-0.6480390592076878,0,,7,10007
nest486,C=inf  Discrete(486) nested,4,ppo_nest486_s4,2.2441998409576103,7.486450111921915,0.0,5.6000000000000005,52.0,1.04,52,0,-0.6892920085968173,0,,8,10008
nest486,C=inf  Discrete(486) nested,4,ppo_nest486_s4,2.143665918159057,7.539608637261734,0.0,5.800000000000001,56.0,1.12,56,0,-0.6895047071591248,0,,9,10009
nest486,C=inf  Discrete(486) nested,5,ppo_nest486_s5,2.295463223566099,7.885136519214123,0.0,7.3999999999999995,49.0,0.98,49,0,-0.6586612531877428,0,,0,10000
nest486,C=inf  Discrete(486) nested,5,ppo_nest486_s5,2.1574181067344287,8.70508019085569,0.0,6.6000000000000005,57.0,1.14,57,0,-0.8138538173197153,0,,1,10001
nest486,C=inf  Discrete(486) nested,5,ppo_nest486_s5,2.1226810873910282,7.450116190720036,0.0,6.2,57.0,1.14,57,0,-0.6567747304656956,0,,2,10002
nest486,C=inf  Discrete(486) nested,5,ppo_nest486_s5,2.0563135531836396,7.815883959098802,0.0,3.5999999999999996,59.0,1.18,59,0,-0.6766675919104381,0,,3,10003
nest486,C=inf  Discrete(486) nested,5,ppo_nest486_s5,2.1265564190067328,7.263113144427457,0.0,5.4,61.0,1.22,61,0,-0.7117742003731499,0,,4,10004
nest486,C=inf  Discrete(486) nested,5,ppo_nest486_s5,2.125223766375595,8.659326909104713,0.0,5.2,61.0,1.22,61,0,-0.7646760419140535,0,,5,10005
nest486,C=inf  Discrete(486) nested,5,ppo_nest486_s5,2.0906990921215334,7.347047841295052,0.0,5.6000000000000005,57.0,1.14,57,0,-0.6663607982108336,0,,6,10006
nest486,C=inf  Discrete(486) nested,5,ppo_nest486_s5,2.207624579816077,7.229970086195856,0.0,6.6000000000000005,53.0,1.06,53,0,-0.6157760977099764,0,,7,10007
nest486,C=inf  Discrete(486) nested,5,ppo_nest486_s5,2.2954355722264563,8.022918395969848,0.0,6.6000000000000005,50.0,1.0,50,0,-0.736792641714916,0,,8,10008
nest486,C=inf  Discrete(486) nested,5,ppo_nest486_s5,2.1729637082089766,7.025122337310974,0.0,6.800000000000001,56.0,1.12,56,0,-0.6655764558751394,0,,9,10009
nest486,C=inf  Discrete(486) nested,6,ppo_nest486_s6,2.3006244172469743,7.442860369008484,0.0,7.199999999999999,49.0,0.98,49,0,-0.6492640027921187,0,,0,10000
nest486,C=inf  Discrete(486) nested,6,ppo_nest486_s6,2.331037108213534,7.6677427864541885,0.0,9.4,48.0,0.96,48,0,-0.6582738765674618,0,,1,10001
nest486,C=inf  Discrete(486) nested,6,ppo_nest486_s6,2.253996094489715,8.585777600554403,0.0,7.3999999999999995,53.0,1.06,53,0,-0.6773117457533278,0,,2,10002
nest486,C=inf  Discrete(486) nested,6,ppo_nest486_s6,2.2535282782854034,8.223673271383774,0.0,7.8,49.0,0.98,49,0,-0.6692018076282548,0,,3,10003
nest486,C=inf  Discrete(486) nested,6,ppo_nest486_s6,2.3767283984511804,8.2412755499929,0.0,8.200000000000001,50.0,1.0,50,0,-0.7116682245152347,0,,4,10004
nest486,C=inf  Discrete(486) nested,6,ppo_nest486_s6,2.3559421758573906,8.659326909104713,0.0,7.199999999999999,48.0,0.96,48,0,-0.6853159636837068,0,,5,10005
nest486,C=inf  Discrete(486) nested,6,ppo_nest486_s6,2.2772116039378196,7.80841734859564,0.0,7.199999999999999,48.0,0.96,48,0,-0.6311927155647595,0,,6,10006
nest486,C=inf  Discrete(486) nested,6,ppo_nest486_s6,2.2964395130160504,7.704103637026934,0.0,7.8,51.0,1.02,51,0,-0.6563055301025065,0,,7,10007
nest486,C=inf  Discrete(486) nested,6,ppo_nest486_s6,2.3058081564674247,7.3926067668126985,0.0,7.000000000000001,51.0,1.02,51,0,-0.63445014804848,0,,8,10008
nest486,C=inf  Discrete(486) nested,6,ppo_nest486_s6,2.319732286480859,7.6243486389537996,0.0,8.0,49.0,0.98,49,0,-0.646324741257485,0,,9,10009
nest486,C=inf  Discrete(486) nested,7,ppo_nest486_s7,2.1110384044249186,7.186664611595104,0.0,4.6,59.0,1.18,59,0,-0.6898787435551426,0,,0,10000
nest486,C=inf  Discrete(486) nested,7,ppo_nest486_s7,2.1766013540745512,7.717811474014356,0.0,6.4,56.0,1.12,56,0,-0.6700063354320007,0,,1,10001
nest486,C=inf  Discrete(486) nested,7,ppo_nest486_s7,2.2175081069027844,7.561498895475349,0.0,7.199999999999999,55.0,1.1,55,0,-0.6715569102084876,0,,2,10002
nest486,C=inf  Discrete(486) nested,7,ppo_nest486_s7,2.136032662187285,7.735628093150715,0.0,4.3999999999999995,54.0,1.08,54,0,-0.6263628227296094,0,,3,10003
nest486,C=inf  Discrete(486) nested,7,ppo_nest486_s7,2.249688222812029,7.193353027172294,0.0,6.800000000000001,56.0,1.12,56,0,-0.6665083592146108,0,,4,10004
nest486,C=inf  Discrete(486) nested,7,ppo_nest486_s7,2.2856928528492877,8.659326909104713,0.0,6.4,54.0,1.08,54,0,-0.7291944319861057,0,,5,10005
nest486,C=inf  Discrete(486) nested,7,ppo_nest486_s7,2.219497676899327,8.894264200414222,0.0,7.000000000000001,53.0,1.06,53,0,-0.7628036866545742,0,,6,10006
nest486,C=inf  Discrete(486) nested,7,ppo_nest486_s7,2.2926232117086993,7.704103637026934,0.0,8.799999999999999,51.0,1.02,51,0,-0.6400343997372302,0,,7,10007
nest486,C=inf  Discrete(486) nested,7,ppo_nest486_s7,2.1195762583385687,6.914707231239791,0.0,5.0,60.0,1.2,60,0,-0.6580949328016428,0,,8,10008
nest486,C=inf  Discrete(486) nested,7,ppo_nest486_s7,2.2593322312229867,7.479684970859785,0.0,8.0,53.0,1.06,53,0,-0.6797115251972208,0,,9,10009
nest486,C=inf  Discrete(486) nested,8,ppo_nest486_s8,2.1098359649612894,7.247500128168124,0.0,7.199999999999999,75.0,1.5,75,0,-0.8618093961379054,0,,0,10000
nest486,C=inf  Discrete(486) nested,8,ppo_nest486_s8,2.103484750709847,8.570890579749163,0.0,7.3999999999999995,76.0,1.52,76,0,-0.9963517686077457,0,,1,10001
nest486,C=inf  Discrete(486) nested,8,ppo_nest486_s8,2.118756849115043,7.899118797971695,0.0,8.200000000000001,77.0,1.54,77,0,-0.9671611926640493,0,,2,10002
nest486,C=inf  Discrete(486) nested,8,ppo_nest486_s8,2.042116521052352,7.323399653138507,0.0,7.000000000000001,76.0,1.52,76,0,-0.8967894557431713,0,,3,10003
nest486,C=inf  Discrete(486) nested,8,ppo_nest486_s8,2.115489796992713,8.147874933486998,0.0,7.199999999999999,77.0,1.54,77,0,-0.8532690950807194,0,,4,10004
nest486,C=inf  Discrete(486) nested,8,ppo_nest486_s8,2.133427793430901,8.01480784041097,0.0,7.000000000000001,75.0,1.5,75,0,-0.9691420608430529,0,,5,10005
nest486,C=inf  Discrete(486) nested,8,ppo_nest486_s8,2.0939842094808503,6.897751161955346,0.0,8.4,77.0,1.54,77,0,-0.9181599621871885,0,,6,10006
nest486,C=inf  Discrete(486) nested,8,ppo_nest486_s8,2.1166178082415823,7.198880736921516,0.0,7.199999999999999,76.0,1.52,76,0,-0.8924758089518615,0,,7,10007
nest486,C=inf  Discrete(486) nested,8,ppo_nest486_s8,2.1115884996734278,8.742513148120407,0.0,7.000000000000001,77.0,1.54,77,0,-1.0094432944181573,0,,8,10008
nest486,C=inf  Discrete(486) nested,8,ppo_nest486_s8,2.088062862308859,7.898655036532317,0.0,7.199999999999999,77.0,1.54,77,0,-0.9505983410808663,0,,9,10009
nest486,C=inf  Discrete(486) nested,9,ppo_nest486_s9,2.1976468899963537,8.149538002142947,0.0,6.2,55.0,1.1,55,0,-0.6811558072676597,0,,0,10000
nest486,C=inf  Discrete(486) nested,9,ppo_nest486_s9,2.2474118414640984,8.70508019085569,0.0,7.6,52.0,1.04,52,0,-0.7289370929617649,0,,1,10001
nest486,C=inf  Discrete(486) nested,9,ppo_nest486_s9,2.1790324002984653,7.902065104317091,0.0,6.6000000000000005,57.0,1.14,57,0,-0.7157550469698513,0,,2,10002
nest486,C=inf  Discrete(486) nested,9,ppo_nest486_s9,2.1932924428935334,8.016007046860533,0.0,6.4,52.0,1.04,52,0,-0.6690254491386249,0,,3,10003
nest486,C=inf  Discrete(486) nested,9,ppo_nest486_s9,2.284404697092059,7.163149423589783,0.0,6.800000000000001,54.0,1.08,54,0,-0.6282912561762509,0,,4,10004
nest486,C=inf  Discrete(486) nested,9,ppo_nest486_s9,2.343459001975381,7.7995053863309245,0.0,8.799999999999999,49.0,0.98,49,0,-0.7206970344214916,0,,5,10005
nest486,C=inf  Discrete(486) nested,9,ppo_nest486_s9,2.243772448301669,7.4728783221403905,0.0,6.6000000000000005,51.0,1.02,51,0,-0.6596734766683827,0,,6,10006
nest486,C=inf  Discrete(486) nested,9,ppo_nest486_s9,2.2084384704959357,7.704103637026934,0.0,6.6000000000000005,56.0,1.12,56,0,-0.6883612598834192,0,,7,10007
nest486,C=inf  Discrete(486) nested,9,ppo_nest486_s9,2.266368918856381,8.183744934734838,0.0,6.6000000000000005,52.0,1.04,52,0,-0.725507310041978,0,,8,10008
nest486,C=inf  Discrete(486) nested,9,ppo_nest486_s9,2.2418357740459527,7.384524155224654,0.0,6.800000000000001,54.0,1.08,54,0,-0.6760031608468275,0,,9,10009
nest6498,C=inf  Discrete(6498) nested,0,ppo_nest6498_s0,2.0296996830642895,7.49421134595461,0.0,6.4,81.0,1.62,81,0,-0.997572505426426,0,,0,10000
nest6498,C=inf  Discrete(6498) nested,0,ppo_nest6498_s0,2.0151979246016114,7.876083353696022,0.0,7.000000000000001,81.0,1.62,81,0,-1.0019163022881359,0,,1,10001
nest6498,C=inf  Discrete(6498) nested,0,ppo_nest6498_s0,1.958753366210712,7.554374688627308,0.0,6.2,79.0,1.58,79,0,-0.9785118303219748,0,,2,10002
nest6498,C=inf  Discrete(6498) nested,0,ppo_nest6498_s0,1.9923025596582455,8.35067121865456,0.0,7.199999999999999,79.0,1.58,79,0,-0.9468744371027892,0,,3,10003
nest6498,C=inf  Discrete(6498) nested,0,ppo_nest6498_s0,2.018880153560376,7.892948557438224,0.0,6.6000000000000005,81.0,1.62,81,0,-1.0064982756617604,0,,4,10004
nest6498,C=inf  Discrete(6498) nested,0,ppo_nest6498_s0,2.017132881390159,8.030224822370407,0.0,5.0,81.0,1.62,81,0,-0.9973835462929953,0,,5,10005
nest6498,C=inf  Discrete(6498) nested,0,ppo_nest6498_s0,2.0172971064870966,7.243008255023206,0.0,5.6000000000000005,77.0,1.54,77,0,-0.909985387701248,0,,6,10006
nest6498,C=inf  Discrete(6498) nested,0,ppo_nest6498_s0,1.988467725937473,7.144260991515083,0.0,6.4,78.0,1.56,78,0,-0.8850136480030074,0,,7,10007
nest6498,C=inf  Discrete(6498) nested,0,ppo_nest6498_s0,2.0138497025747975,7.882288226507302,0.0,4.3999999999999995,81.0,1.62,81,0,-0.9227129020773375,0,,8,10008
nest6498,C=inf  Discrete(6498) nested,0,ppo_nest6498_s0,1.9827737369390865,7.396758461323725,0.0,4.6,79.0,1.58,79,0,-0.8743050907628118,0,,9,10009
nest6498,C=inf  Discrete(6498) nested,1,ppo_nest6498_s1,1.8757238277802126,7.676515847098831,0.0,6.2,99.0,1.98,99,0,-1.127976429531877,0,,0,10000
nest6498,C=inf  Discrete(6498) nested,1,ppo_nest6498_s1,1.7817050739078049,7.909835297674162,0.0,4.2,102.0,2.04,102,0,-1.100573948092686,0,,1,10001
nest6498,C=inf  Discrete(6498) nested,1,ppo_nest6498_s1,1.9079254320540215,8.655700578303431,0.0,6.4,98.0,1.96,95,1,-1.1721571446557553,0,,2,10002
nest6498,C=inf  Discrete(6498) nested,1,ppo_nest6498_s1,1.7613048938565783,7.851782994966396,0.0,3.4000000000000004,102.0,2.04,99,1,-1.1238340567517853,0,,3,10003
nest6498,C=inf  Discrete(6498) nested,1,ppo_nest6498_s1,1.9778419870245516,7.900632297936722,0.0,6.6000000000000005,102.0,2.04,96,2,-1.1696680285209373,0,,4,10004
nest6498,C=inf  Discrete(6498) nested,1,ppo_nest6498_s1,1.9768475836565054,8.659326909104713,0.0,7.000000000000001,97.0,1.94,91,2,-1.2088017498648096,0,,5,10005
nest6498,C=inf  Discrete(6498) nested,1,ppo_nest6498_s1,1.863650907459327,7.570240683305518,0.0,5.0,105.0,2.1,99,2,-1.198009438706235,0,,6,10006
nest6498,C=inf  Discrete(6498) nested,1,ppo_nest6498_s1,1.8746184477280243,7.877534297713131,0.0,7.000000000000001,99.0,1.98,99,0,-1.1956912846120988,0,,7,10007
nest6498,C=inf  Discrete(6498) nested,1,ppo_nest6498_s1,1.8222341224202692,7.410043263942633,0.0,4.6,102.0,2.04,96,2,-1.1293108904645326,0,,8,10008
nest6498,C=inf  Discrete(6498) nested,1,ppo_nest6498_s1,1.8129904812391466,7.232829980936952,0.0,4.6,106.0,2.12,100,2,-1.1413314020518022,0,,9,10009
nest6498,C=inf  Discrete(6498) nested,2,ppo_nest6498_s2,1.8486251411504577,7.070131303755028,0.0,4.3999999999999995,95.0,1.9,95,0,-1.0425022087416034,0,,0,10000
nest6498,C=inf  Discrete(6498) nested,2,ppo_nest6498_s2,1.8302211908874384,8.70508019085569,0.0,5.2,96.0,1.92,96,0,-1.1282829905675509,0,,1,10001
nest6498,C=inf  Discrete(6498) nested,2,ppo_nest6498_s2,1.8144623160477882,6.401171870134318,0.0,3.8,94.0,1.88,94,0,-0.9862376023553565,0,,2,10002
nest6498,C=inf  Discrete(6498) nested,2,ppo_nest6498_s2,1.742356905280374,7.999164314718795,0.0,3.2,96.0,1.92,96,0,-1.081731778700597,0,,3,10003
nest6498,C=inf  Discrete(6498) nested,2,ppo_nest6498_s2,1.918270869081764,8.435946515122561,0.0,5.2,93.0,1.86,93,0,-1.0968693629452755,0,,4,10004
nest6498,C=inf  Discrete(6498) nested,2,ppo_nest6498_s2,1.832320151971886,8.659326909104713,0.0,3.8,97.0,1.94,97,0,-1.0635627631948292,0,,5,10005
nest6498,C=inf  Discrete(6498) nested,2,ppo_nest6498_s2,1.8377988518697537,7.4160048429212715,0.0,4.3999999999999995,92.0,1.84,92,0,-1.0067591256386863,0,,6,10006
nest6498,C=inf  Discrete(6498) nested,2,ppo_nest6498_s2,1.8522590414297992,7.704103637026934,0.0,5.2,94.0,1.88,94,0,-1.035073968248494,0,,7,10007
nest6498,C=inf  Discrete(6498) nested,2,ppo_nest6498_s2,1.8266130365689628,7.363361478177297,0.0,4.6,96.0,1.92,96,0,-1.074730167768763,0,,8,10008
nest6498,C=inf  Discrete(6498) nested,2,ppo_nest6498_s2,1.7596509971942365,6.0668467929443235,0.0,3.0,97.0,1.94,97,0,-0.9854218032652687,0,,9,10009
nest6498,C=inf  Discrete(6498) nested,3,ppo_nest6498_s3,1.7441503207655429,8.149538002142947,0.0,4.2,107.0,2.14,107,0,-1.1997594783438077,0,,0,10000
nest6498,C=inf  Discrete(6498) nested,3,ppo_nest6498_s3,1.787115787676168,7.5978800741531085,0.0,5.6000000000000005,104.0,2.08,104,0,-1.130985217423507,0,,1,10001
nest6498,C=inf  Discrete(6498) nested,3,ppo_nest6498_s3,1.8005192283024742,8.042792804930324,0.0,4.3999999999999995,104.0,2.08,104,0,-1.2086789393490667,0,,2,10002
nest6498,C=inf  Discrete(6498) nested,3,ppo_nest6498_s3,1.65972431806336,7.8629564909609035,0.0,3.8,108.0,2.16,108,0,-1.1568750716454042,0,,3,10003
nest6498,C=inf  Discrete(6498) nested,3,ppo_nest6498_s3,1.9331881435066312,7.986266001383655,0.0,5.800000000000001,103.0,2.06,103,0,-1.2488682956854955,0,,4,10004
nest6498,C=inf  Discrete(6498) nested,3,ppo_nest6498_s3,1.7241717501466036,8.659326909104713,0.0,3.4000000000000004,108.0,2.16,108,0,-1.192200649690561,0,,5,10005
nest6498,C=inf  Discrete(6498) nested,3,ppo_nest6498_s3,1.7180631078152713,7.748452692945623,0.0,3.4000000000000004,106.0,2.12,106,0,-1.1651984273628337,0,,6,10006
nest6498,C=inf  Discrete(6498) nested,3,ppo_nest6498_s3,1.806374622462784,6.958197057019218,0.0,6.2,106.0,2.12,106,0,-1.1137967834059754,0,,7,10007
nest6498,C=inf  Discrete(6498) nested,3,ppo_nest6498_s3,1.8109834671658955,8.937235872046264,0.0,4.6,104.0,2.08,104,0,-1.2205373106092234,0,,8,10008
nest6498,C=inf  Discrete(6498) nested,3,ppo_nest6498_s3,1.687613559482435,6.632909833174839,0.0,3.5999999999999996,110.0,2.2,110,0,-1.1355672971208235,0,,9,10009
nest6498,C=inf  Discrete(6498) nested,4,ppo_nest6498_s4,1.6510799877783429,6.63741290597084,0.0,2.8000000000000003,114.0,2.28,114,0,-1.192522751010826,0,,0,10000
nest6498,C=inf  Discrete(6498) nested,4,ppo_nest6498_s4,1.7209066127111141,7.543549471092184,0.0,3.2,111.0,2.22,111,0,-1.2088102168541357,0,,1,10001
nest6498,C=inf  Discrete(6498) nested,4,ppo_nest6498_s4,1.717207694007905,6.140704318483251,0.0,3.2,113.0,2.26,110,1,-1.1557548087993605,0,,2,10002
nest6498,C=inf  Discrete(6498) nested,4,ppo_nest6498_s4,1.7086614046358215,8.031144619495684,0.0,4.3999999999999995,108.0,2.16,108,0,-1.1717620626630847,0,,3,10003
nest6498,C=inf  Discrete(6498) nested,4,ppo_nest6498_s4,1.7850339642072626,8.079827404942506,0.0,5.6000000000000005,113.0,2.26,113,0,-1.3177559499858962,0,,4,10004
nest6498,C=inf  Discrete(6498) nested,4,ppo_nest6498_s4,1.7062408810024898,6.855061916829369,0.0,2.8000000000000003,112.0,2.24,112,0,-1.1611429469038683,0,,5,10005
nest6498,C=inf  Discrete(6498) nested,4,ppo_nest6498_s4,1.663384760928894,7.272465914131825,0.0,3.2,113.0,2.26,113,0,-1.1971567549737665,0,,6,10006
nest6498,C=inf  Discrete(6498) nested,4,ppo_nest6498_s4,1.730892295605549,8.976382800212434,0.0,4.3999999999999995,111.0,2.22,111,0,-1.23999640583646,0,,7,10007
nest6498,C=inf  Discrete(6498) nested,4,ppo_nest6498_s4,1.7922640217785937,8.285675044024325,0.0,3.5999999999999996,109.0,2.18,109,0,-1.2422338110051028,0,,8,10008
nest6498,C=inf  Discrete(6498) nested,4,ppo_nest6498_s4,1.786558311452554,7.145818363516435,0.0,4.2,106.0,2.12,106,0,-1.120169341653332,0,,9,10009
nest6498,C=inf  Discrete(6498) nested,5,ppo_nest6498_s5,1.9677290299572103,8.241837139146828,0.0,6.6000000000000005,80.0,1.6,80,0,-0.9268026204551169,0,,0,10000
nest6498,C=inf  Discrete(6498) nested,5,ppo_nest6498_s5,2.0492317750551625,7.221470825144973,0.0,6.800000000000001,77.0,1.54,77,0,-0.8917761985200052,0,,1,10001
nest6498,C=inf  Discrete(6498) nested,5,ppo_nest6498_s5,1.8642773354480269,6.894051885474747,0.0,3.2,85.0,1.7,85,0,-0.9062375574144952,0,,2,10002
nest6498,C=inf  Discrete(6498) nested,5,ppo_nest6498_s5,1.886175155445786,7.393757723967301,0.0,3.8,83.0,1.66,83,0,-0.8854666954485197,0,,3,10003
nest6498,C=inf  Discrete(6498) nested,5,ppo_nest6498_s5,2.1056935738106457,7.578372051956326,0.0,6.0,78.0,1.56,78,0,-0.9196113491935889,0,,4,10004
nest6498,C=inf  Discrete(6498) nested,5,ppo_nest6498_s5,1.9439457425235138,8.659326909104713,0.0,5.6000000000000005,84.0,1.68,84,0,-0.9841704039906127,0,,5,10005
nest6498,C=inf  Discrete(6498) nested,5,ppo_nest6498_s5,2.05712294400391,8.782841339109558,0.0,4.6,75.0,1.5,75,0,-0.941792996882135,0,,6,10006
nest6498,C=inf  Discrete(6498) nested,5,ppo_nest6498_s5,1.9278226613029685,6.845428707949712,0.0,5.2,84.0,1.68,84,0,-0.9102164239225472,0,,7,10007
nest6498,C=inf  Discrete(6498) nested,5,ppo_nest6498_s5,1.992746074327313,7.049165584935795,0.0,4.6,80.0,1.6,80,0,-0.8832115984596841,0,,8,10008
nest6498,C=inf  Discrete(6498) nested,5,ppo_nest6498_s5,1.8805584358874703,6.92243131070139,0.0,3.4000000000000004,82.0,1.64,82,0,-0.87453090962993,0,,9,10009
nest6498,C=inf  Discrete(6498) nested,6,ppo_nest6498_s6,1.7735424884544968,7.378678381563725,0.0,5.800000000000001,112.0,2.24,112,0,-1.2400798544140041,0,,0,10000
nest6498,C=inf  Discrete(6498) nested,6,ppo_nest6498_s6,1.716755755836114,8.753145420817233,0.0,5.2,118.0,2.36,118,0,-1.3371260031616723,0,,1,10001
nest6498,C=inf  Discrete(6498) nested,6,ppo_nest6498_s6,1.770900609829337,7.28617023075153,0.0,6.2,112.0,2.24,112,0,-1.259921363182734,0,,2,10002
nest6498,C=inf  Discrete(6498) nested,6,ppo_nest6498_s6,1.678686486634243,7.142342548060736,0.0,3.5999999999999996,114.0,2.28,114,0,-1.2172148323377383,0,,3,10003
nest6498,C=inf  Discrete(6498) nested,6,ppo_nest6498_s6,1.8096484022045918,7.336823066106713,0.0,4.6,111.0,2.22,111,0,-1.26175110124839,0,,4,10004
nest6498,C=inf  Discrete(6498) nested,6,ppo_nest6498_s6,1.825501382849307,7.752093485702631,0.0,5.0,112.0,2.24,112,0,-1.2388394541745011,0,,5,10005
nest6498,C=inf  Discrete(6498) nested,6,ppo_nest6498_s6,1.6983346403513364,8.163759064441379,0.0,4.8,112.0,2.24,112,0,-1.2368557398201885,0,,6,10006
nest6498,C=inf  Discrete(6498) nested,6,ppo_nest6498_s6,1.7183508691850944,8.072210296516726,0.0,5.6000000000000005,117.0,2.34,117,0,-1.3655400954256527,0,,7,10007
nest6498,C=inf  Discrete(6498) nested,6,ppo_nest6498_s6,1.826440890302848,8.624965682183072,0.0,6.4,109.0,2.18,109,0,-1.2979911520577838,0,,8,10008
nest6498,C=inf  Discrete(6498) nested,6,ppo_nest6498_s6,1.6760171991838928,7.196668106593698,0.0,5.0,113.0,2.26,113,0,-1.2075728464288393,0,,9,10009
nest6498,C=inf  Discrete(6498) nested,7,ppo_nest6498_s7,1.9264127826810067,7.393051771385981,0.0,5.0,91.0,1.82,91,0,-1.0475985392060987,0,,0,10000
nest6498,C=inf  Discrete(6498) nested,7,ppo_nest6498_s7,1.9008541513921053,7.052357646174786,0.0,5.4,90.0,1.8,90,0,-0.9812685413775557,0,,1,10001
nest6498,C=inf  Discrete(6498) nested,7,ppo_nest6498_s7,1.8143258720082294,7.991961446784809,0.0,4.3999999999999995,93.0,1.86,93,0,-1.0465113851969718,0,,2,10002
nest6498,C=inf  Discrete(6498) nested,7,ppo_nest6498_s7,1.8613913616695013,8.29030837205961,0.0,4.2,88.0,1.76,88,0,-0.9659878356528575,0,,3,10003
nest6498,C=inf  Discrete(6498) nested,7,ppo_nest6498_s7,1.9698358775030511,8.33936021927649,0.0,5.4,93.0,1.86,93,0,-1.1048052699710826,0,,4,10004
nest6498,C=inf  Discrete(6498) nested,7,ppo_nest6498_s7,1.9200885346734835,8.659326909104713,0.0,4.6,93.0,1.86,93,0,-1.1247478126187718,0,,5,10005
nest6498,C=inf  Discrete(6498) nested,7,ppo_nest6498_s7,1.9228888588168538,6.897751161955346,0.0,6.6000000000000005,89.0,1.78,89,0,-0.9790684407018998,0,,6,10006
nest6498,C=inf  Discrete(6498) nested,7,ppo_nest6498_s7,1.8394949528919824,7.668163861602173,0.0,3.0,94.0,1.88,94,0,-1.0118976974116658,0,,7,10007
nest6498,C=inf  Discrete(6498) nested,7,ppo_nest6498_s7,1.8271532655545093,8.979958624680085,0.0,3.4000000000000004,93.0,1.86,93,0,-1.1163702377742735,0,,8,10008
nest6498,C=inf  Discrete(6498) nested,7,ppo_nest6498_s7,1.9236761131366718,8.291065992429106,0.0,6.0,91.0,1.82,91,0,-1.058756111570881,0,,9,10009
nest6498,C=inf  Discrete(6498) nested,8,ppo_nest6498_s8,1.7821680758847516,7.0696506769728495,0.0,4.6,122.0,2.44,113,3,-1.3061478739918508,0,,0,10000
nest6498,C=inf  Discrete(6498) nested,8,ppo_nest6498_s8,1.8348851124592847,8.70508019085569,0.0,5.6000000000000005,121.0,2.42,115,2,-1.3703601192233725,0,,1,10001
nest6498,C=inf  Discrete(6498) nested,8,ppo_nest6498_s8,1.840587009990449,8.417724008111685,0.0,5.2,117.0,2.34,114,1,-1.3630867482998255,0,,2,10002
nest6498,C=inf  Discrete(6498) nested,8,ppo_nest6498_s8,1.7179642295470334,6.951862181272865,0.0,2.8000000000000003,119.0,2.38,113,2,-1.2388737689905966,0,,3,10003
nest6498,C=inf  Discrete(6498) nested,8,ppo_nest6498_s8,1.87976319410393,7.892530129198777,0.0,6.0,119.0,2.38,113,2,-1.4106715422820522,0,,4,10004
nest6498,C=inf  Discrete(6498) nested,8,ppo_nest6498_s8,1.910094328496141,8.659326909104713,0.0,4.8,114.0,2.28,108,2,-1.3391965599561746,0,,5,10005
nest6498,C=inf  Discrete(6498) nested,8,ppo_nest6498_s8,1.7678510930346552,7.635745717463383,0.0,5.6000000000000005,122.0,2.44,116,2,-1.3420234172197818,0,,6,10006
nest6498,C=inf  Discrete(6498) nested,8,ppo_nest6498_s8,1.8960905908929078,8.039293667593087,0.0,5.800000000000001,110.0,2.2,107,1,-1.2465999961447018,0,,7,10007
nest6498,C=inf  Discrete(6498) nested,8,ppo_nest6498_s8,1.8841924792388447,9.120557668710736,0.0,5.0,117.0,2.34,111,2,-1.3693047654775528,0,,8,10008
nest6498,C=inf  Discrete(6498) nested,8,ppo_nest6498_s8,1.8632934326902633,7.487075984725106,0.0,5.800000000000001,113.0,2.26,107,2,-1.2300555345699162,0,,9,10009
nest6498,C=inf  Discrete(6498) nested,9,ppo_nest6498_s9,1.733211594157581,7.376673441547713,0.0,4.3999999999999995,123.0,2.46,120,1,-1.299610807577468,0,,0,10000
nest6498,C=inf  Discrete(6498) nested,9,ppo_nest6498_s9,1.6990418916006391,7.728718284568755,0.0,4.3999999999999995,132.0,2.64,123,3,-1.4116757398705027,0,,1,10001
nest6498,C=inf  Discrete(6498) nested,9,ppo_nest6498_s9,1.7722304349241849,8.51693050911547,0.0,5.6000000000000005,123.0,2.46,120,1,-1.4416989809752707,0,,2,10002
nest6498,C=inf  Discrete(6498) nested,9,ppo_nest6498_s9,1.7389807999684308,7.860573574976056,0.0,4.8,123.0,2.46,117,2,-1.3350211872730307,0,,3,10003
nest6498,C=inf  Discrete(6498) nested,9,ppo_nest6498_s9,1.7644239371235653,8.885847647374439,0.0,5.6000000000000005,129.0,2.58,126,1,-1.4404391951890823,0,,4,10004
nest6498,C=inf  Discrete(6498) nested,9,ppo_nest6498_s9,1.8178460815687025,8.659326909104713,0.0,6.0,121.0,2.42,121,0,-1.370531254458934,0,,5,10005
nest6498,C=inf  Discrete(6498) nested,9,ppo_nest6498_s9,1.7439758940060939,8.848295325617173,0.0,5.800000000000001,119.0,2.38,119,0,-1.4040407324208763,0,,6,10006
nest6498,C=inf  Discrete(6498) nested,9,ppo_nest6498_s9,1.8267236804526632,7.859503173778835,0.0,7.199999999999999,123.0,2.46,117,2,-1.4214607625004372,0,,7,10007
nest6498,C=inf  Discrete(6498) nested,9,ppo_nest6498_s9,1.7159433710075855,8.774125749107233,0.0,4.3999999999999995,128.0,2.56,125,1,-1.4661222856973237,0,,8,10008
nest6498,C=inf  Discrete(6498) nested,9,ppo_nest6498_s9,1.7400170754239528,6.775158281943454,0.0,5.4,126.0,2.52,123,1,-1.3343686109105444,0,,9,10009
rnd56,C=inf  Discrete(56) RANDOM [neg ctl],0,ppo_k56_s0,1.1671782600901757,6.094482360166585,0.0,2.1999999999999997,325.0,6.5,175,50,-3.2657227881884827,0,,0,10000
rnd56,C=inf  Discrete(56) RANDOM [neg ctl],0,ppo_k56_s0,1.2480879952449995,8.70508019085569,0.0,1.7999999999999998,325.0,6.5,175,50,-3.351509651796613,0,,1,10001
rnd56,C=inf  Discrete(56) RANDOM [neg ctl],0,ppo_k56_s0,1.2326817471168656,9.392186383195064,0.0,2.6,325.0,6.5,175,50,-3.3839543621168238,0,,2,10002
rnd56,C=inf  Discrete(56) RANDOM [neg ctl],0,ppo_k56_s0,1.2100467045331995,7.520054544428009,0.0,2.4,325.0,6.5,175,50,-3.297099879986125,0,,3,10003
rnd56,C=inf  Discrete(56) RANDOM [neg ctl],0,ppo_k56_s0,1.2664156521064263,7.911767877183673,0.0,2.4,324.0,6.48,174,50,-3.312735921731071,0,,4,10004
rnd56,C=inf  Discrete(56) RANDOM [neg ctl],0,ppo_k56_s0,1.2455891826078949,6.7636497472893,0.0,3.4000000000000004,324.0,6.48,174,50,-3.272642182698694,0,,5,10005
rnd56,C=inf  Discrete(56) RANDOM [neg ctl],0,ppo_k56_s0,1.2236518461706833,7.402095880813011,0.0,2.0,325.0,6.5,175,50,-3.3001076746589373,0,,6,10006
rnd56,C=inf  Discrete(56) RANDOM [neg ctl],0,ppo_k56_s0,1.1820679731081922,6.4952420551157735,0.0,1.6,325.0,6.5,175,50,-3.274691587012704,0,,7,10007
rnd56,C=inf  Discrete(56) RANDOM [neg ctl],0,ppo_k56_s0,1.271582761425755,7.363361478177297,0.0,2.4,324.0,6.48,174,50,-3.3105551787496434,0,,8,10008
rnd56,C=inf  Discrete(56) RANDOM [neg ctl],0,ppo_k56_s0,1.2329294325311153,7.247882544238849,0.0,2.6,325.0,6.5,175,50,-3.288055708900631,0,,9,10009
rnd56,C=inf  Discrete(56) RANDOM [neg ctl],1,ppo_k56_s1,1.2230669596851635,7.070131303755028,0.0,2.0,325.0,6.5,175,50,-3.2866868139900323,0,,0,10000
rnd56,C=inf  Discrete(56) RANDOM [neg ctl],1,ppo_k56_s1,1.1934993476352906,8.70508019085569,0.0,1.7999999999999998,328.0,6.56,178,50,-3.3705124836593727,0,,1,10001
rnd56,C=inf  Discrete(56) RANDOM [neg ctl],1,ppo_k56_s1,1.1594686646899621,6.734480158077449,0.0,2.0,328.0,6.56,178,50,-3.297122943691697,0,,2,10002
rnd56,C=inf  Discrete(56) RANDOM [neg ctl],1,ppo_k56_s1,1.1738308575596301,6.058825752474424,0.0,1.4000000000000001,328.0,6.56,178,50,-3.2957802566711933,0,,3,10003
rnd56,C=inf  Discrete(56) RANDOM [neg ctl],1,ppo_k56_s1,1.2300952925638766,7.090935224336739,0.0,1.4000000000000001,328.0,6.56,178,50,-3.3227278438136625,0,,4,10004
rnd56,C=inf  Discrete(56) RANDOM [neg ctl],1,ppo_k56_s1,1.208607943404577,7.906563502777263,0.0,2.1999999999999997,328.0,6.56,178,50,-3.3467700019381095,0,,5,10005
rnd56,C=inf  Discrete(56) RANDOM [neg ctl],1,ppo_k56_s1,1.2003822318001374,7.422226150232314,0.0,1.7999999999999998,325.0,6.5,175,50,-3.3052766295178024,0,,6,10006
rnd56,C=inf  Discrete(56) RANDOM [neg ctl],1,ppo_k56_s1,1.171937487072055,6.108230720638053,0.0,1.2,328.0,6.56,178,50,-3.2912003037724604,0,,7,10007
rnd56,C=inf  Discrete(56) RANDOM [neg ctl],1,ppo_k56_s1,1.2158944104149558,8.261627920289122,0.0,1.7999999999999998,328.0,6.56,178,50,-3.3554889251647584,0,,8,10008
rnd56,C=inf  Discrete(56) RANDOM [neg ctl],1,ppo_k56_s1,1.188837030555134,6.426670610962419,0.0,1.2,328.0,6.56,178,50,-3.2918935473951976,0,,9,10009
rnd56,C=inf  Discrete(56) RANDOM [neg ctl],2,ppo_k56_s2,1.2834171434528934,6.875046128742545,0.0,2.8000000000000003,325.0,6.5,172,51,-3.282740156691151,0,,0,10000
rnd56,C=inf  Discrete(56) RANDOM [neg ctl],2,ppo_k56_s2,1.2285668962209235,8.70508019085569,0.0,2.4,329.0,6.58,176,51,-3.3882972853336994,0,,1,10001
rnd56,C=inf  Discrete(56) RANDOM [neg ctl],2,ppo_k56_s2,1.235230061801459,7.421054281180938,0.0,3.4000000000000004,328.0,6.56,175,51,-3.329855190460255,0,,2,10002
rnd56,C=inf  Discrete(56) RANDOM [neg ctl],2,ppo_k56_s2,1.1971885069903352,6.0309712364780825,0.0,1.4000000000000001,328.0,6.56,175,51,-3.295139979348427,0,,3,10003
rnd56,C=inf  Discrete(56) RANDOM [neg ctl],2,ppo_k56_s2,1.279971260733452,8.394874940294176,0.0,2.0,328.0,6.56,175,51,-3.3969024134387826,0,,4,10004
rnd56,C=inf  Discrete(56) RANDOM [neg ctl],2,ppo_k56_s2,1.3309022865167874,6.838029135956901,0.0,4.6,324.0,6.48,174,50,-3.3026806183135182,0,,5,10005
rnd56,C=inf  Discrete(56) RANDOM [neg ctl],2,ppo_k56_s2,1.218594612843648,7.319922306361633,0.0,2.8000000000000003,327.0,6.54,177,50,-3.337459193307776,0,,6,10006
rnd56,C=inf  Discrete(56) RANDOM [neg ctl],2,ppo_k56_s2,1.185452897907301,6.081769914777698,0.0,1.6,329.0,6.58,176,51,-3.304174329139501,0,,7,10007
rnd56,C=inf  Discrete(56) RANDOM [neg ctl],2,ppo_k56_s2,1.3208949585219385,7.552288364831528,0.0,2.8000000000000003,326.0,6.52,173,51,-3.352618171509574,0,,8,10008
rnd56,C=inf  Discrete(56) RANDOM [neg ctl],2,ppo_k56_s2,1.216884698985709,6.371440916946451,0.0,1.6,329.0,6.58,176,51,-3.3028661596627966,0,,9,10009
