fold_year,C_max,arm,seed,rep,episode_return,mean_bi,total_cost,weeks_bi_ge10_pct,eval_seed
2015,2,none,-1,0,-4.478590058911516,3.609000007877835,0.0,0.7843137254901961,
2015,2,none,-1,1,-4.652936042423915,3.6931675700831437,0.0,1.3725490196078431,
2015,2,none,-1,2,-4.944697577039389,3.670029459986013,0.0,1.9607843137254901,
2015,2,none,-1,3,-4.585205270576467,3.577963610733059,0.0,2.1568627450980395,
2015,2,none,-1,4,-3.8164674723416745,3.7025611516738235,0.0,0.39215686274509803,
2015,2,none,-1,5,-4.795013876532765,3.6650217281491098,0.0,2.1568627450980395,
2015,2,none,-1,6,-4.591612763493979,3.5705337434814335,0.0,1.1764705882352944,
2015,2,none,-1,7,-4.8460545928788035,3.6907630568132594,0.0,1.3725490196078434,
2015,2,none,-1,8,-4.649105977189605,3.656054820535581,0.0,1.7647058823529416,
2015,2,none,-1,9,-4.538958901143732,3.6194748999495268,0.0,1.1764705882352944,
2015,2,threshold,-1,0,-4.478590058911516,3.609000007877835,0.0,0.7843137254901961,
2015,2,threshold,-1,1,-4.652936042423915,3.6931675700831437,0.0,1.3725490196078431,
2015,2,threshold,-1,2,-4.944697577039389,3.670029459986013,0.0,1.9607843137254901,
2015,2,threshold,-1,3,-4.585205270576467,3.577963610733059,0.0,2.1568627450980395,
2015,2,threshold,-1,4,-3.8164674723416745,3.7025611516738235,0.0,0.39215686274509803,
2015,2,threshold,-1,5,-4.795013876532765,3.6650217281491098,0.0,2.1568627450980395,
2015,2,threshold,-1,6,-4.591612763493979,3.5705337434814335,0.0,1.1764705882352944,
2015,2,threshold,-1,7,-4.8460545928788035,3.6907630568132594,0.0,1.3725490196078434,
2015,2,threshold,-1,8,-4.649105977189605,3.656054820535581,0.0,1.7647058823529416,
2015,2,threshold,-1,9,-4.538958901143732,3.6194748999495268,0.0,1.1764705882352944,
2015,2,calendar,-1,0,-1.8099444187676639,3.0362604896072547,24.0,0.19607843137254902,
2015,2,calendar,-1,1,-1.8536132866918758,3.125836264322671,23.0,0.0,
2015,2,calendar,-1,2,-2.158203620602107,3.0888182020031443,24.0,0.39215686274509803,
2015,2,calendar,-1,3,-2.0575480230442666,3.0012370458315,24.0,0.9803921568627451,
2015,2,calendar,-1,4,-1.8287718863584315,3.140690361308447,24.0,0.0,
2015,2,calendar,-1,5,-2.089446494974979,3.0851407082390114,24.0,0.5882352941176472,
2015,2,calendar,-1,6,-1.9777513394009512,3.0198622737270195,24.0,0.39215686274509803,
2015,2,calendar,-1,7,-1.8977566576180716,3.0997768758926743,24.0,0.19607843137254902,
2015,2,calendar,-1,8,-1.8293489182205191,3.075119719721901,24.0,0.19607843137254902,
2015,2,calendar,-1,9,-1.965799247969224,3.066382589577087,24.0,0.0,
2015,2,mpc1,-1,0,-1.3073092564827389,3.036248925819009,20.0,0.0,
2015,2,mpc1,-1,1,-1.3556013175327573,3.1071038570538576,20.0,0.0,
2015,2,mpc1,-1,2,-1.827170849636069,3.1047423335092783,20.0,0.19607843137254902,
2015,2,mpc1,-1,3,-1.381277323839885,3.003819246311737,20.0,0.0,
2015,2,mpc1,-1,4,-1.2504327724513866,3.140114110962365,20.0,0.0,
2015,2,mpc1,-1,5,-1.399257372456942,3.0882378588489723,20.0,0.39215686274509803,
2015,2,mpc1,-1,6,-1.383662211344197,3.0121939223846446,20.0,0.0,
2015,2,mpc1,-1,7,-1.293999466576215,3.104265542754298,20.0,0.0,
2015,2,mpc1,-1,8,-1.378051818118297,3.0864626966478137,20.0,0.19607843137254902,
2015,2,mpc1,-1,9,-1.3487809588700312,3.0487074179037763,20.0,0.0,
2015,2,ppo,0,0,-0.6702006065228695,2.2872803887069826,52.0,0.0,10000.0
2015,2,ppo,0,1,-0.6260590939652805,2.287832458219724,55.0,0.0,10001.0
2015,2,ppo,0,2,-0.7107672469515128,2.2900808977017744,54.0,0.0,10002.0
2015,2,ppo,0,3,-0.6691932013286775,2.2065914700937004,55.0,0.0,10003.0
2015,2,ppo,0,4,-0.6395252828606085,2.371055102577934,52.0,0.0,10004.0
2015,2,ppo,0,5,-0.6716289289633249,2.360582341249908,50.0,0.0,10005.0
2015,2,ppo,0,6,-0.6820706434141979,2.317794412532661,49.0,0.0,10006.0
2015,2,ppo,0,7,-0.5999963597293018,2.381264024266706,50.0,0.0,10007.0
2015,2,ppo,0,8,-0.6546660416433648,2.339864864157908,51.0,0.0,10008.0
2015,2,ppo,0,9,-0.6691871386813205,2.2505684755574475,55.0,0.0,10009.0
2015,2,ppo,1,0,-0.7504944878210874,2.3472290080956126,49.0,0.0,10000.0
2015,2,ppo,1,1,-0.6582936130616764,2.3457385526662113,52.0,0.0,10001.0
2015,2,ppo,1,2,-0.6578612483827603,2.3105294665230156,52.0,0.0,10002.0
2015,2,ppo,1,3,-0.645668228609183,2.2242642944418787,53.0,0.0,10003.0
2015,2,ppo,1,4,-0.6306665762673076,2.38208578399547,51.0,0.0,10004.0
2015,2,ppo,1,5,-0.6823938341874425,2.3102323431331353,54.0,0.0,10005.0
2015,2,ppo,1,6,-0.7904642133830988,2.317806042234053,50.0,0.0,10006.0
2015,2,ppo,1,7,-0.621885837895169,2.318972890646732,53.0,0.0,10007.0
2015,2,ppo,1,8,-0.5999814978858581,2.3024773924781003,53.0,0.0,10008.0
2015,2,ppo,1,9,-0.7032531200695453,2.2345088729805935,55.0,0.0,10009.0
2015,2,ppo,2,0,-0.6872412633315038,2.2950480133436115,52.0,0.0,10000.0
2015,2,ppo,2,1,-0.6618741156356268,2.2918072306653605,55.0,0.0,10001.0
2015,2,ppo,2,2,-0.6450312400914764,2.323971165316703,52.0,0.0,10002.0
2015,2,ppo,2,3,-0.6300392118821453,2.230542510770251,53.0,0.0,10003.0
2015,2,ppo,2,4,-0.646369354535862,2.4128614754753164,50.0,0.0,10004.0
2015,2,ppo,2,5,-0.7061935718206366,2.333368572847007,52.0,0.0,10005.0
2015,2,ppo,2,6,-0.6775182722701923,2.243142312924888,55.0,0.0,10006.0
2015,2,ppo,2,7,-0.6494368862881429,2.2977545656225904,55.0,0.0,10007.0
2015,2,ppo,2,8,-0.6459180904959859,2.3071479660589014,53.0,0.0,10008.0
2015,2,ppo,2,9,-0.7115943880757426,2.3788939360316506,48.0,0.0,10009.0
2015,2,ppo,3,0,-0.6579931837748544,2.288259479719981,52.0,0.0,10000.0
2015,2,ppo,3,1,-0.6174520590183049,2.3462194074162297,51.0,0.0,10001.0
2015,2,ppo,3,2,-0.7163059128057139,2.3633658004809646,51.0,0.0,10002.0
2015,2,ppo,3,3,-0.5952802189836389,2.246297260112636,51.0,0.0,10003.0
2015,2,ppo,3,4,-0.6882274266128413,2.334459333327396,54.0,0.0,10004.0
2015,2,ppo,3,5,-0.7133890963303164,2.328308622460902,52.0,0.0,10005.0
2015,2,ppo,3,6,-0.8264702239605232,2.3821437068587747,47.0,0.0,10006.0
2015,2,ppo,3,7,-0.6355474671498567,2.244544489261717,56.0,0.0,10007.0
2015,2,ppo,3,8,-0.6879849404461537,2.297623573065915,54.0,0.0,10008.0
2015,2,ppo,3,9,-0.7020765492029859,2.247873467276491,54.0,0.0,10009.0
2015,2,ppo,4,0,-0.6650280810463145,2.3496762045412147,49.0,0.0,10000.0
2015,2,ppo,4,1,-0.6128212308350505,2.3012768814801374,54.0,0.0,10001.0
2015,2,ppo,4,2,-0.6124755560847558,2.3589542833911863,49.0,0.0,10002.0
2015,2,ppo,4,3,-0.620956217719674,2.263243746343606,51.0,0.0,10003.0
2015,2,ppo,4,4,-0.6601640253692411,2.395096570053309,51.0,0.0,10004.0
2015,2,ppo,4,5,-0.7132063989245725,2.346835091128614,51.0,0.0,10005.0
2015,2,ppo,4,6,-0.7166952680376143,2.2787823781691867,52.0,0.0,10006.0
2015,2,ppo,4,7,-0.6344367497623292,2.381174233433147,49.0,0.0,10007.0
2015,2,ppo,4,8,-0.6029204959670731,2.3232265828053826,51.0,0.0,10008.0
2015,2,ppo,4,9,-0.6467344732590121,2.2826133912071755,51.0,0.0,10009.0
2015,2,ppo,5,0,-0.7119679402956307,2.272554119326638,53.0,0.0,10000.0
2015,2,ppo,5,1,-0.6181516035952748,2.320966112192126,54.0,0.0,10001.0
2015,2,ppo,5,2,-0.6824664337769889,2.372652253100565,50.0,0.0,10002.0
2015,2,ppo,5,3,-0.6257250200748062,2.22672520774369,54.0,0.0,10003.0
2015,2,ppo,5,4,-0.6891515137930257,2.279962000467086,58.0,0.0,10004.0
2015,2,ppo,5,5,-0.6763316659156203,2.2671693002668656,55.0,0.0,10005.0
2015,2,ppo,5,6,-0.6620330877109922,2.2777430019404785,52.0,0.0,10006.0
2015,2,ppo,5,7,-0.6685358451993201,2.304061131090337,54.0,0.0,10007.0
2015,2,ppo,5,8,-0.6315000071311319,2.312433848515523,52.0,0.0,10008.0
2015,2,ppo,5,9,-0.755214343279842,2.3036445886759833,52.0,0.0,10009.0
2015,2,ppo,6,0,-0.7965751156403357,2.3687425912343874,48.0,0.0,10000.0
2015,2,ppo,6,1,-0.598273309274834,2.3543785659626013,51.0,0.0,10001.0
2015,2,ppo,6,2,-0.6871134920500465,2.310355698025459,54.0,0.0,10002.0
2015,2,ppo,6,3,-0.5943603869546096,2.263731556769737,52.0,0.0,10003.0
2015,2,ppo,6,4,-0.6149308721605484,2.4097223511904,50.0,0.0,10004.0
2015,2,ppo,6,5,-0.64933214707786,2.341138942563047,51.0,0.0,10005.0
2015,2,ppo,6,6,-0.6599064451302865,2.282225843692473,52.0,0.0,10006.0
2015,2,ppo,6,7,-0.6710769077642992,2.3216896262436,54.0,0.0,10007.0
2015,2,ppo,6,8,-0.6491904393816001,2.3666489037272713,51.0,0.0,10008.0
2015,2,ppo,6,9,-0.7441020302305625,2.34169117400791,50.0,0.0,10009.0
2015,2,ppo,7,0,-0.695264359503605,2.3633814097101897,48.0,0.0,10000.0
2015,2,ppo,7,1,-0.6049128375567525,2.409972581855879,48.0,0.0,10001.0
2015,2,ppo,7,2,-0.6660730845661953,2.366496889732852,50.0,0.0,10002.0
2015,2,ppo,7,3,-0.6197544686024812,2.207716189365315,54.0,0.0,10003.0
2015,2,ppo,7,4,-0.5861531505747474,2.3820281430890415,51.0,0.0,10004.0
2015,2,ppo,7,5,-0.636368748282284,2.3547587636124363,50.0,0.0,10005.0
2015,2,ppo,7,6,-0.7061008107749271,2.289404692227054,51.0,0.0,10006.0
2015,2,ppo,7,7,-0.6270299899934413,2.360178964263899,51.0,0.0,10007.0
2015,2,ppo,7,8,-0.6655592740296588,2.314408809155472,53.0,0.0,10008.0
2015,2,ppo,7,9,-0.6916762688009601,2.3306380397803053,50.0,0.0,10009.0
2015,2,ppo,8,0,-0.7416172714424248,2.2925902958888384,52.0,0.0,10000.0
2015,2,ppo,8,1,-0.6610780639577983,2.2698625699442734,56.0,0.0,10001.0
2015,2,ppo,8,2,-0.6896227495901247,2.292414683559046,54.0,0.0,10002.0
2015,2,ppo,8,3,-0.6285227201475679,2.2619393296821833,52.0,0.0,10003.0
2015,2,ppo,8,4,-0.7487340795796678,2.4717592545151845,48.0,0.0,10004.0
2015,2,ppo,8,5,-0.6597585740027392,2.324336721583224,52.0,0.0,10005.0
2015,2,ppo,8,6,-0.6755457005628869,2.2326348080899927,55.0,0.0,10006.0
2015,2,ppo,8,7,-0.6333156113777298,2.3749835271244093,50.0,0.0,10007.0
2015,2,ppo,8,8,-0.6327570776401057,2.3332256050006484,52.0,0.0,10008.0
2015,2,ppo,8,9,-0.7272340038366752,2.266862732049574,54.0,0.0,10009.0
2015,2,ppo,9,0,-0.6744333364202739,2.321825723861065,50.0,0.0,10000.0
2015,2,ppo,9,1,-0.6136848006156672,2.3145382306961118,53.0,0.0,10001.0
2015,2,ppo,9,2,-0.7151683673834175,2.327117204946683,53.0,0.0,10002.0
2015,2,ppo,9,3,-0.6869028827678212,2.2091515953205723,56.0,0.0,10003.0
2015,2,ppo,9,4,-0.6505330236031992,2.3811567141175303,52.0,0.0,10004.0
2015,2,ppo,9,5,-0.6790129644816896,2.301487075850722,54.0,0.0,10005.0
2015,2,ppo,9,6,-0.672077372780923,2.25634781660091,54.0,0.0,10006.0
2015,2,ppo,9,7,-0.615289215998088,2.347729145778673,51.0,0.0,10007.0
2015,2,ppo,9,8,-0.6435260012187322,2.3100665442411814,53.0,0.0,10008.0
2015,2,ppo,9,9,-0.7060063014986586,2.3254240203331995,50.0,0.0,10009.0
2016,2,none,-1,0,-4.640726414133038,3.7251163698722896,0.0,0.9803921568627451,
2016,2,none,-1,1,-5.4035665326960025,3.788143199378567,0.0,1.5686274509803921,
2016,2,none,-1,2,-5.426541496668514,3.7813853646006703,0.0,2.549019607843137,
2016,2,none,-1,3,-5.701107909884532,3.690922756311256,0.0,2.7450980392156867,
2016,2,none,-1,4,-4.988930256232601,3.8196406836620853,0.0,1.3725490196078431,
2016,2,none,-1,5,-5.25376800821567,3.78895589309937,0.0,1.9607843137254901,
2016,2,none,-1,6,-4.646845897890109,3.6772887564334362,0.0,0.5882352941176472,
2016,2,none,-1,7,-5.602646180608101,3.7919715388749555,0.0,2.1568627450980395,
2016,2,none,-1,8,-5.099996320407989,3.7724411184147915,0.0,2.3529411764705888,
2016,2,none,-1,9,-5.169917197891252,3.7432285726158447,0.0,0.7843137254901961,
2016,2,threshold,-1,0,-4.640726414133038,3.7251163698722896,0.0,0.9803921568627451,
2016,2,threshold,-1,1,-5.4035665326960025,3.788143199378567,0.0,1.5686274509803921,
2016,2,threshold,-1,2,-5.426541496668514,3.7813853646006703,0.0,2.549019607843137,
2016,2,threshold,-1,3,-5.701107909884532,3.690922756311256,0.0,2.7450980392156867,
2016,2,threshold,-1,4,-4.988930256232601,3.8196406836620853,0.0,1.3725490196078431,
2016,2,threshold,-1,5,-5.25376800821567,3.78895589309937,0.0,1.9607843137254901,
2016,2,threshold,-1,6,-4.646845897890109,3.6772887564334362,0.0,0.5882352941176472,
2016,2,threshold,-1,7,-5.602646180608101,3.7919715388749555,0.0,2.1568627450980395,
2016,2,threshold,-1,8,-5.099996320407989,3.7724411184147915,0.0,2.3529411764705888,
2016,2,threshold,-1,9,-5.169917197891252,3.7432285726158447,0.0,0.7843137254901961,
2016,2,calendar,-1,0,-2.148831842438076,3.1630944508284315,24.0,0.19607843137254902,
2016,2,calendar,-1,1,-2.10329762723999,3.225622504096062,22.0,0.0,
2016,2,calendar,-1,2,-2.271963816709859,3.231888574909255,22.0,0.19607843137254902,
2016,2,calendar,-1,3,-2.667048493855876,3.1739272557666904,21.0,0.7843137254901961,
2016,2,calendar,-1,4,-2.492312455017005,3.3007815962439464,22.0,0.39215686274509803,
2016,2,calendar,-1,5,-2.5021852332601084,3.246665000785655,23.0,0.5882352941176472,
2016,2,calendar,-1,6,-2.0456683525514965,3.1329256713234703,23.0,0.19607843137254902,
2016,2,calendar,-1,7,-2.3449009604994266,3.2304801985234426,23.0,0.39215686274509803,
2016,2,calendar,-1,8,-2.3075218827653203,3.232961348834296,23.0,0.19607843137254902,
2016,2,calendar,-1,9,-2.3786126869623594,3.1960162301949264,24.0,0.0,
2016,2,mpc1,-1,0,-1.158354395691061,3.0509798183417955,24.0,0.0,
2016,2,mpc1,-1,1,-1.4194568063273874,3.098950709715273,24.0,0.0,
2016,2,mpc1,-1,2,-1.6428586039399364,3.1034946759639803,24.0,0.19607843137254902,
2016,2,mpc1,-1,3,-1.6236496220768308,3.0120325158174674,24.0,0.0,
2016,2,mpc1,-1,4,-1.457046460602806,3.1487781242015442,24.0,0.19607843137254902,
2016,2,mpc1,-1,5,-1.370684275893022,3.10720116411827,24.0,0.19607843137254902,
2016,2,mpc1,-1,6,-1.1550079039967338,3.013587715311502,24.0,0.0,
2016,2,mpc1,-1,7,-1.4091343115706378,3.0966753094933344,24.0,0.19607843137254902,
2016,2,mpc1,-1,8,-1.3459444105181293,3.0977075342803073,24.0,0.0,
2016,2,mpc1,-1,9,-1.426695647522886,3.0626756588018984,24.0,0.0,
2016,2,ppo,0,0,-0.6237208634745395,2.423390180748158,49.0,0.0,10000.0
2016,2,ppo,0,1,-0.7653582656564211,2.4154089044651874,52.0,0.0,10001.0
2016,2,ppo,0,2,-0.7431826245676204,2.4967152170827673,49.0,0.0,10002.0
2016,2,ppo,0,3,-0.8437686416807584,2.3753610604257545,50.0,0.0,10003.0
2016,2,ppo,0,4,-0.6906797400823979,2.4981240472269084,49.0,0.0,10004.0
2016,2,ppo,0,5,-0.658483838950057,2.4660827029864785,49.0,0.0,10005.0
2016,2,ppo,0,6,-0.7678234410397933,2.4438307531962855,47.0,0.0,10006.0
2016,2,ppo,0,7,-0.8075274608957228,2.4730188371538264,49.0,0.19607843137254902,10007.0
2016,2,ppo,0,8,-0.6655285500282159,2.5239899042985354,46.0,0.0,10008.0
2016,2,ppo,0,9,-0.7754148828491593,2.4587009691627437,48.0,0.0,10009.0
2016,2,ppo,1,0,-0.7395974790072876,2.492252948439977,46.0,0.0,10000.0
2016,2,ppo,1,1,-0.7141811168814962,2.4867027549893415,47.0,0.0,10001.0
2016,2,ppo,1,2,-0.7111437919301974,2.433495736623486,50.0,0.0,10002.0
2016,2,ppo,1,3,-0.7749070562569045,2.3499076206218517,51.0,0.0,10003.0
2016,2,ppo,1,4,-0.7229659198012396,2.4861513860045323,50.0,0.0,10004.0
2016,2,ppo,1,5,-0.6586069450840857,2.4546961045140363,49.0,0.0,10005.0
2016,2,ppo,1,6,-0.6231037095429575,2.4008490625565853,48.0,0.0,10006.0
2016,2,ppo,1,7,-0.7260081261153658,2.406240501299076,51.0,0.0,10007.0
2016,2,ppo,1,8,-0.6717768631873634,2.4666749481655907,49.0,0.0,10008.0
2016,2,ppo,1,9,-0.8004126663219859,2.4341586945751277,50.0,0.0,10009.0
2016,2,ppo,2,0,-0.6124041821038,2.377925044515681,50.0,0.0,10000.0
2016,2,ppo,2,1,-0.6980204317546471,2.375314931158408,54.0,0.0,10001.0
2016,2,ppo,2,2,-0.737177935998079,2.4431609527421183,50.0,0.0,10002.0
2016,2,ppo,2,3,-0.7033428827332533,2.3299684461862586,51.0,0.0,10003.0
2016,2,ppo,2,4,-0.6769190407036816,2.4707787122875833,50.0,0.0,10004.0
2016,2,ppo,2,5,-0.6543459791738427,2.4843301731025202,47.0,0.0,10005.0
2016,2,ppo,2,6,-0.6262954559948113,2.3694841300553944,49.0,0.0,10006.0
2016,2,ppo,2,7,-0.7467126267529748,2.46976137465686,49.0,0.0,10007.0
2016,2,ppo,2,8,-0.6744274104560113,2.4182201966795263,50.0,0.0,10008.0
2016,2,ppo,2,9,-0.7130273224279304,2.3902169977205348,52.0,0.0,10009.0
2016,2,ppo,3,0,-0.6177937040230063,2.4264939316921734,48.0,0.0,10000.0
2016,2,ppo,3,1,-0.7322518583477723,2.43130666121507,50.0,0.0,10001.0
2016,2,ppo,3,2,-0.7209700161075696,2.4587854430319243,48.0,0.0,10002.0
2016,2,ppo,3,3,-0.7400413594702933,2.380331292451518,49.0,0.0,10003.0
2016,2,ppo,3,4,-0.6497107785561855,2.4936342095016304,49.0,0.0,10004.0
2016,2,ppo,3,5,-0.6634607612717438,2.512357732183828,46.0,0.0,10005.0
2016,2,ppo,3,6,-0.6437191648949511,2.3665979333410467,51.0,0.0,10006.0
2016,2,ppo,3,7,-0.8530073255634977,2.5278104093214644,46.0,0.19607843137254902,10007.0
2016,2,ppo,3,8,-0.7077946304461595,2.4234431148375735,51.0,0.0,10008.0
2016,2,ppo,3,9,-0.6640207056206728,2.428122684393295,49.0,0.0,10009.0
2016,2,ppo,4,0,-0.6307326352882856,2.4471806475256725,47.0,0.0,10000.0
2016,2,ppo,4,1,-0.7483994812702816,2.4277806552946997,51.0,0.0,10001.0
2016,2,ppo,4,2,-0.7464136731759144,2.4601444590188706,48.0,0.0,10002.0
2016,2,ppo,4,3,-0.672635624785339,2.350203907959868,49.0,0.0,10003.0
2016,2,ppo,4,4,-0.7474984220534813,2.4965254981070655,49.0,0.0,10004.0
2016,2,ppo,4,5,-0.6534245336518657,2.4226748566583454,51.0,0.0,10005.0
2016,2,ppo,4,6,-0.6557194235140197,2.4074539931231387,48.0,0.0,10006.0
2016,2,ppo,4,7,-0.779676354156213,2.4482031065486236,49.0,0.19607843137254902,10007.0
2016,2,ppo,4,8,-0.7113625075808016,2.426377278274172,51.0,0.0,10008.0
2016,2,ppo,4,9,-0.7054757657696127,2.422642435204978,50.0,0.0,10009.0
2016,2,ppo,5,0,-0.7431640620540726,2.3518319686552327,54.0,0.0,10000.0
2016,2,ppo,5,1,-0.6697472429814971,2.402563422041568,51.0,0.0,10001.0
2016,2,ppo,5,2,-0.7594728689811797,2.378673578371501,53.0,0.0,10002.0
2016,2,ppo,5,3,-0.7647507987789766,2.3229278060347007,52.0,0.0,10003.0
2016,2,ppo,5,4,-0.7182105091408361,2.41396719398397,54.0,0.0,10004.0
2016,2,ppo,5,5,-0.6793581090334111,2.397928734404566,53.0,0.0,10005.0
2016,2,ppo,5,6,-0.6548531103674538,2.3135798017954308,54.0,0.0,10006.0
2016,2,ppo,5,7,-0.7071995285094369,2.438378590798429,49.0,0.0,10007.0
2016,2,ppo,5,8,-0.6794601662222801,2.449154834155662,49.0,0.0,10008.0
2016,2,ppo,5,9,-0.6742536900237309,2.389819823857904,52.0,0.0,10009.0
2016,2,ppo,6,0,-0.592829247265037,2.4141173909675664,50.0,0.0,10000.0
2016,2,ppo,6,1,-0.7207640500480638,2.400182098043575,51.0,0.0,10001.0
2016,2,ppo,6,2,-0.7005139178176983,2.469120709514633,47.0,0.0,10002.0
2016,2,ppo,6,3,-0.6749977224100783,2.341142722099722,49.0,0.0,10003.0
2016,2,ppo,6,4,-0.7005668087393137,2.4493212420420973,53.0,0.0,10004.0
2016,2,ppo,6,5,-0.6904982656463319,2.4449381696537222,49.0,0.0,10005.0
2016,2,ppo,6,6,-0.6597557328630897,2.3378960512577716,53.0,0.0,10006.0
2016,2,ppo,6,7,-0.7023981627166739,2.4384506395097536,50.0,0.0,10007.0
2016,2,ppo,6,8,-0.7025343841413986,2.3918691430450325,53.0,0.0,10008.0
2016,2,ppo,6,9,-0.7066140259256727,2.3348815645265626,54.0,0.0,10009.0
2016,2,ppo,7,0,-0.6845811462000503,2.49458427548234,45.0,0.0,10000.0
2016,2,ppo,7,1,-0.8199379716245994,2.469841611669319,49.0,0.0,10001.0
2016,2,ppo,7,2,-0.8223394709221786,2.479608589109391,48.0,0.0,10002.0
2016,2,ppo,7,3,-0.7914757462547007,2.411271320031686,47.0,0.0,10003.0
2016,2,ppo,7,4,-0.7635637224609861,2.512129848633141,49.0,0.0,10004.0
2016,2,ppo,7,5,-0.6513577400592483,2.4692117723595715,48.0,0.0,10005.0
2016,2,ppo,7,6,-0.7029871236302018,2.4506639812696482,45.0,0.0,10006.0
2016,2,ppo,7,7,-0.8471465256278256,2.419184340693937,52.0,0.19607843137254902,10007.0
2016,2,ppo,7,8,-0.7703208714289497,2.4870776903804885,48.0,0.0,10008.0
2016,2,ppo,7,9,-0.7547292003612706,2.4705767650690187,47.0,0.0,10009.0
2016,2,ppo,8,0,-0.63241000432794,2.3791808694762757,50.0,0.0,10000.0
2016,2,ppo,8,1,-0.6810852051935187,2.430844791358682,50.0,0.0,10001.0
2016,2,ppo,8,2,-0.7896470144718195,2.4421772156098673,50.0,0.0,10002.0
2016,2,ppo,8,3,-0.7602488552823807,2.3975119737574433,48.0,0.0,10003.0
2016,2,ppo,8,4,-0.7074598529955886,2.4631674306164224,51.0,0.0,10004.0
2016,2,ppo,8,5,-0.6844416530495903,2.4961139294798973,48.0,0.0,10005.0
2016,2,ppo,8,6,-0.7038650453776082,2.4229056472167865,47.0,0.0,10006.0
2016,2,ppo,8,7,-0.8322018555361024,2.4900269568959836,48.0,0.19607843137254902,10007.0
2016,2,ppo,8,8,-0.7386643656278051,2.419366133240319,51.0,0.0,10008.0
2016,2,ppo,8,9,-0.677319988700862,2.422478399794322,49.0,0.0,10009.0
2016,2,ppo,9,0,-0.7002072128531498,2.433244310423479,48.0,0.0,10000.0
2016,2,ppo,9,1,-0.7701783122864958,2.472136576209469,49.0,0.0,10001.0
2016,2,ppo,9,2,-0.8145161842593486,2.4912375479339044,47.0,0.0,10002.0
2016,2,ppo,9,3,-0.8581376012458949,2.4343279131274067,46.0,0.0,10003.0
2016,2,ppo,9,4,-0.8371248160139609,2.5598303866448364,46.0,0.0,10004.0
2016,2,ppo,9,5,-0.8112724059729108,2.5417941527404895,45.0,0.0,10005.0
2016,2,ppo,9,6,-0.6461764555065258,2.4189953219189295,48.0,0.0,10006.0
2016,2,ppo,9,7,-0.8557108713358592,2.5074438647595594,47.0,0.19607843137254902,10007.0
2016,2,ppo,9,8,-0.854449032601907,2.572707637092376,44.0,0.0,10008.0
2016,2,ppo,9,9,-0.765179779733523,2.466590008651269,46.0,0.0,10009.0
2017,2,none,-1,0,-4.560796031773963,3.7290679032697027,0.0,0.9803921568627451,
2017,2,none,-1,1,-4.804363952402863,3.8069156036811136,0.0,1.5686274509803921,
2017,2,none,-1,2,-4.888902764186941,3.7885608741885686,0.0,0.7843137254901961,
2017,2,none,-1,3,-4.779384874095243,3.706455223449565,0.0,1.9607843137254901,
2017,2,none,-1,4,-4.512087425255603,3.8157448752438654,0.0,0.9803921568627451,
2017,2,none,-1,5,-5.043555972561286,3.7956302530596653,0.0,1.7647058823529411,
2017,2,none,-1,6,-4.343673397540786,3.6806578824350247,0.0,0.7843137254901961,
2017,2,none,-1,7,-5.064400646337756,3.80976798739719,0.0,1.9607843137254901,
2017,2,none,-1,8,-4.741719834087048,3.781490891136757,0.0,1.3725490196078431,
2017,2,none,-1,9,-4.736222140997564,3.7523751985398146,0.0,0.7843137254901961,
2017,2,threshold,-1,0,-4.560796031773963,3.7290679032697027,0.0,0.9803921568627451,
2017,2,threshold,-1,1,-4.804363952402863,3.8069156036811136,0.0,1.5686274509803921,
2017,2,threshold,-1,2,-4.888902764186941,3.7885608741885686,0.0,0.7843137254901961,
2017,2,threshold,-1,3,-4.779384874095243,3.706455223449565,0.0,1.9607843137254901,
2017,2,threshold,-1,4,-4.512087425255603,3.8157448752438654,0.0,0.9803921568627451,
2017,2,threshold,-1,5,-5.043555972561286,3.7956302530596653,0.0,1.7647058823529411,
2017,2,threshold,-1,6,-4.343673397540786,3.6806578824350247,0.0,0.7843137254901961,
2017,2,threshold,-1,7,-5.064400646337756,3.80976798739719,0.0,1.9607843137254901,
2017,2,threshold,-1,8,-4.741719834087048,3.781490891136757,0.0,1.3725490196078431,
2017,2,threshold,-1,9,-4.736222140997564,3.7523751985398146,0.0,0.7843137254901961,
2017,2,calendar,-1,0,-1.795314800377856,3.1196370448823965,24.0,0.19607843137254902,
2017,2,calendar,-1,1,-1.747419768784147,3.1946732269157336,24.0,0.0,
2017,2,calendar,-1,2,-1.7650880279183614,3.1773675196301467,24.0,0.0,
2017,2,calendar,-1,3,-2.080332416000855,3.1163529918439417,24.0,0.5882352941176472,
2017,2,calendar,-1,4,-1.953060710150917,3.2306868160629576,24.0,0.39215686274509803,
2017,2,calendar,-1,5,-2.206721837078876,3.2074217839194645,24.0,0.5882352941176472,
2017,2,calendar,-1,6,-1.7400744338755332,3.0965132627910505,24.0,0.19607843137254902,
2017,2,calendar,-1,7,-1.7829074152360032,3.197029035715474,24.0,0.19607843137254902,
2017,2,calendar,-1,8,-1.8497333014285933,3.1843952648703358,24.0,0.19607843137254902,
2017,2,calendar,-1,9,-1.9050506335003996,3.1626419304137414,24.0,0.0,
2017,2,mpc1,-1,0,-1.5340020823480618,3.215100522301526,17.0,0.0,
2017,2,mpc1,-1,1,-1.6415100424190663,3.2947136516313984,17.0,0.19607843137254902,
2017,2,mpc1,-1,2,-1.8154816438266757,3.277016042316151,17.0,0.0,
2017,2,mpc1,-1,3,-1.5671714730881665,3.1972199535240704,17.0,0.0,
2017,2,mpc1,-1,4,-1.625846433085972,3.3122712564014503,17.0,0.0,
2017,2,mpc1,-1,5,-1.8177583790750724,3.2836196351688245,17.0,0.39215686274509803,
2017,2,mpc1,-1,6,-1.5529608620904305,3.182194390812819,17.0,0.19607843137254902,
2017,2,mpc1,-1,7,-1.6113715042466823,3.2898631676663728,17.0,0.19607843137254902,
2017,2,mpc1,-1,8,-1.6239604519055482,3.272465645955711,17.0,0.0,
2017,2,mpc1,-1,9,-1.5053081586124477,3.2379909395967426,17.0,0.0,
2017,2,ppo,0,0,-0.6559691147629358,2.321081837741009,52.0,0.0,10000.0
2017,2,ppo,0,1,-0.6282129085173386,2.399989466871114,52.0,0.0,10001.0
2017,2,ppo,0,2,-0.6417551226129863,2.394721761946285,51.0,0.0,10002.0
2017,2,ppo,0,3,-0.6504555443292733,2.32322439843078,51.0,0.0,10003.0
2017,2,ppo,0,4,-0.706809490103223,2.445488597014146,51.0,0.0,10004.0
2017,2,ppo,0,5,-0.7009739773070606,2.392754295498621,50.0,0.0,10005.0
2017,2,ppo,0,6,-0.6290168371667471,2.3113581576708886,52.0,0.0,10006.0
2017,2,ppo,0,7,-0.6588057685904718,2.395452963369963,51.0,0.0,10007.0
2017,2,ppo,0,8,-0.5922543207059692,2.4032183681265393,51.0,0.0,10008.0
2017,2,ppo,0,9,-0.6787539769019477,2.3879656334954404,50.0,0.0,10009.0
2017,2,ppo,1,0,-0.6089624602077277,2.3197870173761532,54.0,0.0,10000.0
2017,2,ppo,1,1,-0.5987165817445589,2.4016758038833252,52.0,0.0,10001.0
2017,2,ppo,1,2,-0.618840961510966,2.3275965435291894,54.0,0.0,10002.0
2017,2,ppo,1,3,-0.6147438331110949,2.3108420655067374,52.0,0.0,10003.0
2017,2,ppo,1,4,-0.5784892327623,2.4038455677257624,53.0,0.0,10004.0
2017,2,ppo,1,5,-0.7028587638076762,2.384189518364105,54.0,0.0,10005.0
2017,2,ppo,1,6,-0.6422563791187386,2.295874809830585,53.0,0.0,10006.0
2017,2,ppo,1,7,-0.6477503027065818,2.382594249207342,53.0,0.0,10007.0
2017,2,ppo,1,8,-0.6594083520536285,2.3235201586215806,55.0,0.0,10008.0
2017,2,ppo,1,9,-0.6419587173586754,2.3182121866931897,54.0,0.0,10009.0
2017,2,ppo,2,0,-0.6713902104739753,2.3948770213519293,49.0,0.0,10000.0
2017,2,ppo,2,1,-0.6661350142985595,2.3635928499053067,53.0,0.0,10001.0
2017,2,ppo,2,2,-0.6546991683883371,2.4394283263079957,49.0,0.0,10002.0
2017,2,ppo,2,3,-0.7001385741111338,2.2932412662701607,54.0,0.0,10003.0
2017,2,ppo,2,4,-0.6473997268249077,2.3964101537629845,53.0,0.0,10004.0
2017,2,ppo,2,5,-0.7621736937315762,2.3944381417990397,52.0,0.0,10005.0
2017,2,ppo,2,6,-0.6356701048590819,2.302947123904725,53.0,0.0,10006.0
2017,2,ppo,2,7,-0.706927488511712,2.3957005201080968,52.0,0.0,10007.0
2017,2,ppo,2,8,-0.6560066008997151,2.3939036347019704,52.0,0.0,10008.0
2017,2,ppo,2,9,-0.6850988973590372,2.2921048928045518,55.0,0.0,10009.0
2017,2,ppo,3,0,-0.6316402477804257,2.3103755508564987,54.0,0.0,10000.0
2017,2,ppo,3,1,-0.605771335073367,2.37240941753999,53.0,0.0,10001.0
2017,2,ppo,3,2,-0.6169302226851731,2.379384369785033,53.0,0.0,10002.0
2017,2,ppo,3,3,-0.6003615178031646,2.3481895984871817,50.0,0.0,10003.0
2017,2,ppo,3,4,-0.644286708913364,2.4321422276913918,52.0,0.0,10004.0
2017,2,ppo,3,5,-0.713492815966045,2.4459740397653937,50.0,0.0,10005.0
2017,2,ppo,3,6,-0.6619329173124233,2.3173324625235305,53.0,0.0,10006.0
2017,2,ppo,3,7,-0.6564310381114701,2.4503594242471394,50.0,0.0,10007.0
2017,2,ppo,3,8,-0.6318883131014382,2.366276135015744,54.0,0.0,10008.0
2017,2,ppo,3,9,-0.6353607509065072,2.35110133396357,53.0,0.0,10009.0
2017,2,ppo,4,0,-0.675741773773398,2.3987006663937804,48.0,0.0,10000.0
2017,2,ppo,4,1,-0.6320041700647401,2.374777455383039,52.0,0.0,10001.0
2017,2,ppo,4,2,-0.6501776721514136,2.4034797185986787,50.0,0.0,10002.0
2017,2,ppo,4,3,-0.6128076756792824,2.3005034838627854,52.0,0.0,10003.0
2017,2,ppo,4,4,-0.6691439336037273,2.418794126319038,52.0,0.0,10004.0
2017,2,ppo,4,5,-0.69679092607313,2.4327028517523877,50.0,0.0,10005.0
2017,2,ppo,4,6,-0.620941640691978,2.3292618011450585,50.0,0.0,10006.0
2017,2,ppo,4,7,-0.6820549856606115,2.4154488331922312,51.0,0.0,10007.0
2017,2,ppo,4,8,-0.603267329493368,2.4403843854516425,48.0,0.0,10008.0
2017,2,ppo,4,9,-0.6534605707691663,2.3509632975109302,53.0,0.0,10009.0
2017,2,ppo,5,0,-0.6240180999266796,2.302942340271491,54.0,0.0,10000.0
2017,2,ppo,5,1,-0.6060714484990563,2.4300597957431394,50.0,0.0,10001.0
2017,2,ppo,5,2,-0.6414515459723102,2.3885931661130964,52.0,0.0,10002.0
2017,2,ppo,5,3,-0.7104607929708432,2.3176539123388524,52.0,0.0,10003.0
2017,2,ppo,5,4,-0.6172057724446024,2.4114073699046226,53.0,0.0,10004.0
2017,2,ppo,5,5,-0.7461965873670081,2.401321198702195,51.0,0.0,10005.0
2017,2,ppo,5,6,-0.6730180345034669,2.3187647109715277,52.0,0.0,10006.0
2017,2,ppo,5,7,-0.6620816436334599,2.4333805370782464,50.0,0.0,10007.0
2017,2,ppo,5,8,-0.6602070963570926,2.472851166875174,48.0,0.0,10008.0
2017,2,ppo,5,9,-0.6777874278681679,2.3778051052064955,52.0,0.0,10009.0
2017,2,ppo,6,0,-0.6713883596740544,2.368750574098016,51.0,0.0,10000.0
2017,2,ppo,6,1,-0.60209294003965,2.457191144105644,50.0,0.0,10001.0
2017,2,ppo,6,2,-0.6797865867587378,2.41811450262221,52.0,0.0,10002.0
2017,2,ppo,6,3,-0.6580260787307436,2.324450046710955,53.0,0.0,10003.0
2017,2,ppo,6,4,-0.6501983146450482,2.4689350082297983,50.0,0.0,10004.0
2017,2,ppo,6,5,-0.7330525901650271,2.396417850869184,53.0,0.0,10005.0
2017,2,ppo,6,6,-0.660704333685742,2.3070501863289805,53.0,0.0,10006.0
2017,2,ppo,6,7,-0.6714659371722628,2.4614661984287283,50.0,0.0,10007.0
2017,2,ppo,6,8,-0.6382155315499938,2.4133069235258695,51.0,0.0,10008.0
2017,2,ppo,6,9,-0.6333552580879901,2.357135862238433,52.0,0.0,10009.0
2017,2,ppo,7,0,-0.6675460240373675,2.398758786853505,50.0,0.0,10000.0
2017,2,ppo,7,1,-0.6531843435219622,2.466574570550386,48.0,0.0,10001.0
2017,2,ppo,7,2,-0.6499802068568058,2.3535396989133948,53.0,0.0,10002.0
2017,2,ppo,7,3,-0.616338520709781,2.325222589085722,51.0,0.0,10003.0
2017,2,ppo,7,4,-0.6149532812451759,2.379385310478655,54.0,0.0,10004.0
2017,2,ppo,7,5,-0.7148749336443712,2.3489010451106713,54.0,0.0,10005.0
2017,2,ppo,7,6,-0.6588344618415093,2.2998597470297315,54.0,0.0,10006.0
2017,2,ppo,7,7,-0.6933490076884122,2.4387375125463984,50.0,0.0,10007.0
2017,2,ppo,7,8,-0.6212245455284241,2.3981473227042285,52.0,0.0,10008.0
2017,2,ppo,7,9,-0.6470415269118437,2.355285220006168,52.0,0.0,10009.0
2017,2,ppo,8,0,-0.66272749407072,2.297523364096296,55.0,0.0,10000.0
2017,2,ppo,8,1,-0.7043591668522982,2.368852927380586,53.0,0.0,10001.0
2017,2,ppo,8,2,-0.6711274574326497,2.3660528588996907,52.0,0.0,10002.0
2017,2,ppo,8,3,-0.6202120468834271,2.380278255188662,49.0,0.0,10003.0
2017,2,ppo,8,4,-0.7257318893672879,2.4650257749680913,50.0,0.0,10004.0
2017,2,ppo,8,5,-0.6804815481845286,2.4198811345453435,50.0,0.0,10005.0
2017,2,ppo,8,6,-0.6907710092138198,2.347897349597033,51.0,0.0,10006.0
2017,2,ppo,8,7,-0.6574941209953048,2.409157602913456,51.0,0.0,10007.0
2017,2,ppo,8,8,-0.6920803339628802,2.415331382608288,50.0,0.0,10008.0
2017,2,ppo,8,9,-0.6598637157390627,2.3650796457113827,52.0,0.0,10009.0
2017,2,ppo,9,0,-0.6935009326239068,2.4447255865378383,47.0,0.0,10000.0
2017,2,ppo,9,1,-0.581962483229414,2.3838086305739474,52.0,0.0,10001.0
2017,2,ppo,9,2,-0.6479096772092919,2.3807924620598424,52.0,0.0,10002.0
2017,2,ppo,9,3,-0.6076986940838691,2.2893403035880913,52.0,0.0,10003.0
2017,2,ppo,9,4,-0.6134997358268773,2.421582703779794,52.0,0.0,10004.0
2017,2,ppo,9,5,-0.6977480797802799,2.403719849682428,51.0,0.0,10005.0
2017,2,ppo,9,6,-0.7506926332408792,2.4527241925526932,46.0,0.0,10006.0
2017,2,ppo,9,7,-0.6476855953206092,2.376438350849547,52.0,0.0,10007.0
2017,2,ppo,9,8,-0.6138126727870773,2.449474166181523,49.0,0.0,10008.0
2017,2,ppo,9,9,-0.687781060307906,2.3584852471427684,52.0,0.0,10009.0
2018,2,none,-1,0,-4.802448597323242,3.5518022125479454,0.0,1.3725490196078431,
2018,2,none,-1,1,-5.347362267361892,3.630084779164294,0.0,1.5686274509803921,
2018,2,none,-1,2,-5.324603409891998,3.6057169961534083,0.0,1.7647058823529411,
2018,2,none,-1,3,-4.734098295911416,3.532577400614092,0.0,1.5686274509803921,
2018,2,none,-1,4,-4.870327580900721,3.648653415087554,0.0,1.5686274509803921,
2018,2,none,-1,5,-5.373895458645391,3.6255218281834085,0.0,1.9607843137254901,
2018,2,none,-1,6,-4.3561636713863745,3.522272079027562,0.0,0.5882352941176472,
2018,2,none,-1,7,-5.447747756019091,3.6298792096549235,0.0,1.5686274509803921,
2018,2,none,-1,8,-5.026912197395805,3.6104315152965922,0.0,1.9607843137254901,
2018,2,none,-1,9,-5.171656640984209,3.5713827580017306,0.0,1.7647058823529411,
2018,2,threshold,-1,0,-4.802448597323242,3.5518022125479454,0.0,1.3725490196078431,
2018,2,threshold,-1,1,-5.347362267361892,3.630084779164294,0.0,1.5686274509803921,
2018,2,threshold,-1,2,-5.324603409891998,3.6057169961534083,0.0,1.7647058823529411,
2018,2,threshold,-1,3,-4.734098295911416,3.532577400614092,0.0,1.5686274509803921,
2018,2,threshold,-1,4,-4.870327580900721,3.648653415087554,0.0,1.5686274509803921,
2018,2,threshold,-1,5,-5.373895458645391,3.6255218281834085,0.0,1.9607843137254901,
2018,2,threshold,-1,6,-4.3561636713863745,3.522272079027562,0.0,0.5882352941176472,
2018,2,threshold,-1,7,-5.447747756019091,3.6298792096549235,0.0,1.5686274509803921,
2018,2,threshold,-1,8,-5.026912197395805,3.6104315152965922,0.0,1.9607843137254901,
2018,2,threshold,-1,9,-5.171656640984209,3.5713827580017306,0.0,1.7647058823529411,
2018,2,calendar,-1,0,-1.786779911686424,2.969485192127774,24.0,0.19607843137254902,
2018,2,calendar,-1,1,-1.865989271841945,3.0617406613361164,22.0,0.0,
2018,2,calendar,-1,2,-1.912451013995039,3.019885025455171,23.0,0.0,
2018,2,calendar,-1,3,-1.7113232455352223,2.966430684635974,22.0,0.0,
2018,2,calendar,-1,4,-1.6499238439456598,3.0695638291921044,23.0,0.0,
2018,2,calendar,-1,5,-2.0758160900997837,3.063559272963877,22.0,0.0,
2018,2,calendar,-1,6,-1.609058885097091,2.9546156050755648,24.0,0.0,
2018,2,calendar,-1,7,-1.7606684233454177,3.0445321643005685,22.0,0.0,
2018,2,calendar,-1,8,-1.6542902131085762,3.0385521471869255,22.0,0.19607843137254902,
2018,2,calendar,-1,9,-1.7710506853443786,2.998199110866617,22.0,0.0,
2018,2,mpc1,-1,0,-1.2563311091031844,2.9751109692352498,20.0,0.0,
2018,2,mpc1,-1,1,-1.723967601024334,3.0610547411607714,20.0,0.0,
2018,2,mpc1,-1,2,-1.6700596881054504,3.0328093730471872,20.0,0.0,
2018,2,mpc1,-1,3,-1.376492926947284,2.9686622209333238,20.0,0.19607843137254902,
2018,2,mpc1,-1,4,-1.6268030419181905,3.0877712898016716,20.0,0.19607843137254902,
2018,2,mpc1,-1,5,-1.513860782002836,3.052418805601471,20.0,0.0,
2018,2,mpc1,-1,6,-1.320446915206681,2.9669323460166126,20.0,0.19607843137254902,
2018,2,mpc1,-1,7,-1.4769790321963474,3.048465123163849,20.0,0.0,
2018,2,mpc1,-1,8,-1.3971727810612333,3.043196555330801,20.0,0.0,
2018,2,mpc1,-1,9,-1.342096462726878,2.9968717100808964,20.0,0.0,
2018,2,ppo,0,0,-0.6283118060276498,2.214388257528219,51.0,0.0,10000.0
2018,2,ppo,0,1,-0.6528134833534944,2.2926298302342754,49.0,0.0,10001.0
2018,2,ppo,0,2,-0.7266520872935766,2.314000512217186,48.0,0.0,10002.0
2018,2,ppo,0,3,-0.5858443636142686,2.1811620606585524,51.0,0.0,10003.0
2018,2,ppo,0,4,-0.7204431936946154,2.2955697474147825,52.0,0.0,10004.0
2018,2,ppo,0,5,-0.6598268539920205,2.3270267295438103,48.0,0.0,10005.0
2018,2,ppo,0,6,-0.6339798596804163,2.2813578177194196,47.0,0.0,10006.0
2018,2,ppo,0,7,-0.636849319545592,2.259409314888542,50.0,0.0,10007.0
2018,2,ppo,0,8,-0.6449090313745321,2.2148272506469326,54.0,0.0,10008.0
2018,2,ppo,0,9,-0.649200203071149,2.263049244759299,49.0,0.0,10009.0
2018,2,ppo,1,0,-0.6499996729267622,2.2740253094578753,47.0,0.0,10000.0
2018,2,ppo,1,1,-0.5875911608252978,2.296992289750822,50.0,0.0,10001.0
2018,2,ppo,1,2,-0.7094930903261357,2.2731580260565813,49.0,0.0,10002.0
2018,2,ppo,1,3,-0.575516073624273,2.1867225977897555,50.0,0.0,10003.0
2018,2,ppo,1,4,-0.7549331548055086,2.3372674019011237,49.0,0.0,10004.0
2018,2,ppo,1,5,-0.6333992261645074,2.3651842983969145,45.0,0.0,10005.0
2018,2,ppo,1,6,-0.5715553784257927,2.279005234842135,47.0,0.0,10006.0
2018,2,ppo,1,7,-0.6355609585741376,2.345133011093774,47.0,0.0,10007.0
2018,2,ppo,1,8,-0.6199569927003734,2.280200572890626,50.0,0.0,10008.0
2018,2,ppo,1,9,-0.6876345702807133,2.2955983977759544,47.0,0.0,10009.0
2018,2,ppo,2,0,-0.6242030699285964,2.234444535837341,51.0,0.0,10000.0
2018,2,ppo,2,1,-0.670634179226408,2.337920290343214,47.0,0.0,10001.0
2018,2,ppo,2,2,-0.6517122055685315,2.2719853810184034,50.0,0.0,10002.0
2018,2,ppo,2,3,-0.6048103750243192,2.245737446747283,48.0,0.0,10003.0
2018,2,ppo,2,4,-0.612884841113452,2.3661425939255323,48.0,0.0,10004.0
2018,2,ppo,2,5,-0.6698195658053097,2.319012460867308,49.0,0.0,10005.0
2018,2,ppo,2,6,-0.6188813315542597,2.227596447063099,51.0,0.0,10006.0
2018,2,ppo,2,7,-0.7283621691729787,2.3259765681004274,49.0,0.0,10007.0
2018,2,ppo,2,8,-0.6236489581120034,2.397286904222128,45.0,0.0,10008.0
2018,2,ppo,2,9,-0.6184382482077693,2.2401452090301546,50.0,0.0,10009.0
2018,2,ppo,3,0,-0.5838282053374979,2.2273827740045076,51.0,0.0,10000.0
2018,2,ppo,3,1,-0.6150545637640902,2.2294993863543007,54.0,0.0,10001.0
2018,2,ppo,3,2,-0.6382823257358945,2.253612710462366,51.0,0.0,10002.0
2018,2,ppo,3,3,-0.6095061668208761,2.1686110495668145,52.0,0.0,10003.0
2018,2,ppo,3,4,-0.5612174737520634,2.343326821326446,49.0,0.0,10004.0
2018,2,ppo,3,5,-0.668918340315827,2.259574344934989,52.0,0.0,10005.0
2018,2,ppo,3,6,-0.5917887299032945,2.189412683743512,52.0,0.0,10006.0
2018,2,ppo,3,7,-0.6682713594873451,2.263102122594589,52.0,0.0,10007.0
2018,2,ppo,3,8,-0.5668142492825284,2.2980369345487386,49.0,0.0,10008.0
2018,2,ppo,3,9,-0.6609207580885522,2.2933053631338063,47.0,0.0,10009.0
2018,2,ppo,4,0,-0.6183281955834563,2.257778242169847,49.0,0.0,10000.0
2018,2,ppo,4,1,-0.6268244263847065,2.246017792144602,53.0,0.0,10001.0
2018,2,ppo,4,2,-0.6496224109807223,2.232916307118283,53.0,0.0,10002.0
2018,2,ppo,4,3,-0.5917798435576612,2.2020976269954766,50.0,0.0,10003.0
2018,2,ppo,4,4,-0.7035787678247416,2.269952951281646,54.0,0.0,10004.0
2018,2,ppo,4,5,-0.6678575317036675,2.331673958800397,47.0,0.0,10005.0
2018,2,ppo,4,6,-0.6121449909166171,2.1947243946141124,53.0,0.0,10006.0
2018,2,ppo,4,7,-0.6867883690362155,2.283316638348602,49.0,0.0,10007.0
2018,2,ppo,4,8,-0.5968924861209044,2.268124158512064,50.0,0.0,10008.0
2018,2,ppo,4,9,-0.6357566608924303,2.254368877224596,49.0,0.0,10009.0
2018,2,ppo,5,0,-0.6229707153441305,2.2517779631414765,49.0,0.0,10000.0
2018,2,ppo,5,1,-0.6221593094815805,2.2457951058722876,53.0,0.0,10001.0
2018,2,ppo,5,2,-0.680618153336815,2.2635005776094808,51.0,0.0,10002.0
2018,2,ppo,5,3,-0.6258260821221753,2.195577265258642,52.0,0.0,10003.0
2018,2,ppo,5,4,-0.6412125608141576,2.3218670203082645,50.0,0.0,10004.0
2018,2,ppo,5,5,-0.722504379439537,2.3645074217511324,47.0,0.0,10005.0
2018,2,ppo,5,6,-0.6501559412923656,2.1710533184875667,55.0,0.0,10006.0
2018,2,ppo,5,7,-0.6697379236572834,2.24346543620076,53.0,0.0,10007.0
2018,2,ppo,5,8,-0.6867731226892044,2.2433009089835605,53.0,0.0,10008.0
2018,2,ppo,5,9,-0.6668092129753247,2.17442888878077,55.0,0.0,10009.0
2018,2,ppo,6,0,-0.6155309069166444,2.282728009671429,48.0,0.0,10000.0
2018,2,ppo,6,1,-0.6321682038039527,2.331735142872624,48.0,0.0,10001.0
2018,2,ppo,6,2,-0.6156770467713011,2.2057055476307226,54.0,0.0,10002.0
2018,2,ppo,6,3,-0.613814281519092,2.253222288742777,47.0,0.0,10003.0
2018,2,ppo,6,4,-0.6445980851271461,2.363920041730376,49.0,0.0,10004.0
2018,2,ppo,6,5,-0.7045238032360306,2.299434957879937,50.0,0.0,10005.0
2018,2,ppo,6,6,-0.6143337102506585,2.171180550024426,54.0,0.0,10006.0
2018,2,ppo,6,7,-0.6437476813426416,2.2926154498439204,50.0,0.0,10007.0
2018,2,ppo,6,8,-0.6024520898168931,2.2918169047539756,50.0,0.0,10008.0
2018,2,ppo,6,9,-0.6572308211601986,2.2637450580116805,50.0,0.0,10009.0
2018,2,ppo,7,0,-0.6042568804506201,2.2271330191585363,50.0,0.0,10000.0
2018,2,ppo,7,1,-0.5766049922461713,2.2975770921086784,49.0,0.0,10001.0
2018,2,ppo,7,2,-0.630650402538115,2.2534822821259137,51.0,0.0,10002.0
2018,2,ppo,7,3,-0.6294383986752982,2.2090661331779033,50.0,0.0,10003.0
2018,2,ppo,7,4,-0.6363449149133164,2.2868350464802507,52.0,0.0,10004.0
2018,2,ppo,7,5,-0.7024381940801463,2.3336853522151277,48.0,0.0,10005.0
2018,2,ppo,7,6,-0.6608261882572952,2.253054372364116,49.0,0.0,10006.0
2018,2,ppo,7,7,-0.6390655188154483,2.3258976691586337,48.0,0.0,10007.0
2018,2,ppo,7,8,-0.6359665939199458,2.286280405151591,51.0,0.0,10008.0
2018,2,ppo,7,9,-0.6630826502749647,2.1749465558480767,54.0,0.0,10009.0
2018,2,ppo,8,0,-0.6385278575429989,2.272462112228287,48.0,0.0,10000.0
2018,2,ppo,8,1,-0.5932861484254168,2.2944938628886025,49.0,0.0,10001.0
2018,2,ppo,8,2,-0.6750750224209344,2.244368041730632,52.0,0.0,10002.0
2018,2,ppo,8,3,-0.613778126173464,2.271627259913678,47.0,0.0,10003.0
2018,2,ppo,8,4,-0.6207156054579,2.329365562991379,50.0,0.0,10004.0
2018,2,ppo,8,5,-0.6959168916634954,2.3350820094479023,47.0,0.0,10005.0
2018,2,ppo,8,6,-0.6329166243152566,2.243835877200173,50.0,0.0,10006.0
2018,2,ppo,8,7,-0.6327193376080059,2.3028732511155674,50.0,0.0,10007.0
2018,2,ppo,8,8,-0.6514771607542917,2.2883657890928353,50.0,0.0,10008.0
2018,2,ppo,8,9,-0.632714983527822,2.2709317659789994,49.0,0.0,10009.0
2018,2,ppo,9,0,-0.6362098211725616,2.3013995603992887,46.0,0.0,10000.0
2018,2,ppo,9,1,-0.6278530171596882,2.2957091195850157,49.0,0.0,10001.0
2018,2,ppo,9,2,-0.6638492341483775,2.3286957996650686,48.0,0.0,10002.0
2018,2,ppo,9,3,-0.571946050180778,2.2352154161479314,48.0,0.0,10003.0
2018,2,ppo,9,4,-0.6195651405427759,2.325439077790893,50.0,0.0,10004.0
2018,2,ppo,9,5,-0.6701417458733026,2.2822246413392278,50.0,0.0,10005.0
2018,2,ppo,9,6,-0.6058687402447397,2.2802140651448135,47.0,0.0,10006.0
2018,2,ppo,9,7,-0.6340115607755189,2.3846360385061063,44.0,0.0,10007.0
2018,2,ppo,9,8,-0.6236881719714628,2.344717976006377,47.0,0.0,10008.0
2018,2,ppo,9,9,-0.6573864817373158,2.2988493941884074,47.0,0.0,10009.0
2019,2,none,-1,0,-5.402318955928809,3.8833869366035785,0.0,1.7647058823529411,
2019,2,none,-1,1,-6.258501851330354,3.954779807093217,0.0,2.7450980392156863,
2019,2,none,-1,2,-5.904011556040569,3.950960965527711,0.0,2.3529411764705888,
2019,2,none,-1,3,-5.915843193855444,3.856019428100587,0.0,2.941176470588235,
2019,2,none,-1,4,-5.570026384829201,3.9713575982793783,0.0,1.9607843137254901,
2019,2,none,-1,5,-6.055059510066417,3.943197944419832,0.0,2.1568627450980395,
2019,2,none,-1,6,-5.049952446924412,3.83229432117516,0.0,1.3725490196078434,
2019,2,none,-1,7,-6.302466325045741,3.965318583373365,0.0,1.7647058823529411,
2019,2,none,-1,8,-5.999867029421296,3.929237071355526,0.0,2.941176470588235,
2019,2,none,-1,9,-5.832429942912752,3.890360519763893,0.0,1.9607843137254901,
2019,2,threshold,-1,0,-5.402318955928809,3.8833869366035785,0.0,1.7647058823529411,
2019,2,threshold,-1,1,-6.258501851330354,3.954779807093217,0.0,2.7450980392156863,
2019,2,threshold,-1,2,-5.904011556040569,3.950960965527711,0.0,2.3529411764705888,
2019,2,threshold,-1,3,-5.915843193855444,3.856019428100587,0.0,2.941176470588235,
2019,2,threshold,-1,4,-5.570026384829201,3.9713575982793783,0.0,1.9607843137254901,
2019,2,threshold,-1,5,-6.055059510066417,3.943197944419832,0.0,2.1568627450980395,
2019,2,threshold,-1,6,-5.049952446924412,3.83229432117516,0.0,1.3725490196078434,
2019,2,threshold,-1,7,-6.302466325045741,3.965318583373365,0.0,1.7647058823529411,
2019,2,threshold,-1,8,-5.999867029421296,3.929237071355526,0.0,2.941176470588235,
2019,2,threshold,-1,9,-5.832429942912752,3.890360519763893,0.0,1.9607843137254901,
2019,2,calendar,-1,0,-2.1357557951252604,3.289979241895233,24.0,0.39215686274509803,
2019,2,calendar,-1,1,-2.143679161266652,3.347079790478487,23.0,0.0,
2019,2,calendar,-1,2,-2.0951773352158125,3.3443518622930672,24.0,0.39215686274509803,
2019,2,calendar,-1,3,-2.4438695512791537,3.292223134116013,22.0,0.5882352941176472,
2019,2,calendar,-1,4,-2.4579569080690664,3.3973782502972147,24.0,0.39215686274509803,
2019,2,calendar,-1,5,-2.400122679402144,3.3585074545451254,24.0,0.19607843137254902,
2019,2,calendar,-1,6,-1.8149540624568048,3.25068797333283,24.0,0.0,
2019,2,calendar,-1,7,-2.1900830265178612,3.3671673930776502,23.0,0.0,
2019,2,calendar,-1,8,-2.432860955334528,3.364066638193492,23.0,0.39215686274509803,
2019,2,calendar,-1,9,-2.2024120046394953,3.311434572336761,23.0,0.19607843137254902,
2019,2,mpc1,-1,0,-1.3067794799757335,3.19912456693012,23.0,0.0,
2019,2,mpc1,-1,1,-1.6014383127974754,3.2583677303112673,23.0,0.0,
2019,2,mpc1,-1,2,-1.5679746383515805,3.262113614254929,23.0,0.19607843137254902,
2019,2,mpc1,-1,3,-1.4279187192817258,3.1675317079568157,23.0,0.19607843137254902,
2019,2,mpc1,-1,4,-1.5492963391156227,3.2907502586017467,23.0,0.0,
2019,2,mpc1,-1,5,-1.5817110727429484,3.257308432068503,23.0,0.19607843137254902,
2019,2,mpc1,-1,6,-1.3589530425430698,3.164088636572254,23.0,0.0,
2019,2,mpc1,-1,7,-1.6931142370744328,3.2694117155610876,23.0,0.0,
2019,2,mpc1,-1,8,-1.6288846996975896,3.2475713182662855,23.0,0.19607843137254902,
2019,2,mpc1,-1,9,-1.4458955835237315,3.2089307527339797,23.0,0.0,
2019,2,ppo,0,0,-0.6675000204188217,2.56675651688542,45.0,0.0,10000.0
2019,2,ppo,0,1,-0.7065129761719368,2.582600076455145,48.0,0.0,10001.0
2019,2,ppo,0,2,-0.6479902367385719,2.64644085830859,45.0,0.0,10002.0
2019,2,ppo,0,3,-0.6523212053934553,2.4418614701311063,49.0,0.0,10003.0
2019,2,ppo,0,4,-0.7344829884285127,2.595102885846603,48.0,0.0,10004.0
2019,2,ppo,0,5,-0.7289784147269132,2.5837153440040606,47.0,0.0,10005.0
2019,2,ppo,0,6,-0.6369976401653535,2.5613674516988723,44.0,0.0,10006.0
2019,2,ppo,0,7,-0.6719818377127428,2.5485819757429966,48.0,0.0,10007.0
2019,2,ppo,0,8,-0.7041943717414519,2.4971555074831486,51.0,0.0,10008.0
2019,2,ppo,0,9,-0.6928167460538546,2.5273016661125545,48.0,0.0,10009.0
2019,2,ppo,1,0,-0.6563704495053828,2.482545763181572,50.0,0.0,10000.0
2019,2,ppo,1,1,-0.7869737533627404,2.6728425443449577,44.0,0.0,10001.0
2019,2,ppo,1,2,-0.6723043009895635,2.5317588999518135,51.0,0.0,10002.0
2019,2,ppo,1,3,-0.6257676500357437,2.4818984550829857,49.0,0.0,10003.0
2019,2,ppo,1,4,-0.7975229438825002,2.6590635429335787,45.0,0.0,10004.0
2019,2,ppo,1,5,-0.7238236788874479,2.598473854666006,46.0,0.0,10005.0
2019,2,ppo,1,6,-0.6067171615571352,2.467068289163,48.0,0.0,10006.0
2019,2,ppo,1,7,-0.7700853896143122,2.5882955301373536,49.0,0.0,10007.0
2019,2,ppo,1,8,-0.7510762293932666,2.619606802705448,45.0,0.0,10008.0
2019,2,ppo,1,9,-0.7571152982618101,2.505616398713192,49.0,0.0,10009.0
2019,2,ppo,2,0,-0.6420924127444353,2.437954556004796,53.0,0.0,10000.0
2019,2,ppo,2,1,-0.7491553862616664,2.486528009120966,54.0,0.0,10001.0
2019,2,ppo,2,2,-0.7305716695620107,2.5157024814272537,51.0,0.0,10002.0
2019,2,ppo,2,3,-0.6384321990194253,2.4217537561068783,51.0,0.0,10003.0
2019,2,ppo,2,4,-0.7679644961781048,2.5837769015951166,50.0,0.0,10004.0
2019,2,ppo,2,5,-0.6873911886684141,2.462180716729416,54.0,0.0,10005.0
2019,2,ppo,2,6,-0.6438749585894931,2.4049068217353393,54.0,0.0,10006.0
2019,2,ppo,2,7,-0.7068484678087801,2.563176348079637,49.0,0.0,10007.0
2019,2,ppo,2,8,-0.7138440271874161,2.5125796550605046,51.0,0.0,10008.0
2019,2,ppo,2,9,-0.6583748365466678,2.481346186663742,51.0,0.0,10009.0
2019,2,ppo,3,0,-0.654720843037775,2.544167627218321,48.0,0.0,10000.0
2019,2,ppo,3,1,-0.8002376094812105,2.572927925893618,49.0,0.0,10001.0
2019,2,ppo,3,2,-0.6771255401630962,2.5910842678061337,48.0,0.0,10002.0
2019,2,ppo,3,3,-0.5912507704285308,2.511468082139647,46.0,0.0,10003.0
2019,2,ppo,3,4,-0.6671977846275723,2.661100717561667,46.0,0.0,10004.0
2019,2,ppo,3,5,-0.7474333654797476,2.485385810038252,53.0,0.0,10005.0
2019,2,ppo,3,6,-0.6571891413871429,2.441858501584065,51.0,0.0,10006.0
2019,2,ppo,3,7,-0.6383397354377206,2.6056432599960035,46.0,0.0,10007.0
2019,2,ppo,3,8,-0.7039455988326523,2.558381449024965,49.0,0.0,10008.0
2019,2,ppo,3,9,-0.6305050512047705,2.5284310600441433,48.0,0.0,10009.0
2019,2,ppo,4,0,-0.5855240704498129,2.489293460079116,49.0,0.0,10000.0
2019,2,ppo,4,1,-0.6742512925416061,2.540866887418915,49.0,0.0,10001.0
2019,2,ppo,4,2,-0.6566879629440588,2.486907283140852,52.0,0.0,10002.0
2019,2,ppo,4,3,-0.6565919530201086,2.3581687584268782,53.0,0.0,10003.0
2019,2,ppo,4,4,-0.6763489694540415,2.46954132600843,54.0,0.0,10004.0
2019,2,ppo,4,5,-0.7068284049931474,2.5435848811079342,49.0,0.0,10005.0
2019,2,ppo,4,6,-0.7328813630588373,2.4404272719247992,53.0,0.0,10006.0
2019,2,ppo,4,7,-0.6920583277517434,2.5904281183848292,47.0,0.0,10007.0
2019,2,ppo,4,8,-0.6574076497286407,2.4985141772928334,50.0,0.0,10008.0
2019,2,ppo,4,9,-0.6414813162659055,2.511051781029628,49.0,0.0,10009.0
2019,2,ppo,5,0,-0.6526193235128338,2.5062106105713506,48.0,0.0,10000.0
2019,2,ppo,5,1,-0.7733162042303139,2.630283663770864,44.0,0.0,10001.0
2019,2,ppo,5,2,-0.6546750776012183,2.4737899856110177,53.0,0.0,10002.0
2019,2,ppo,5,3,-0.6576330409370972,2.466385950975638,49.0,0.0,10003.0
2019,2,ppo,5,4,-0.7028585839863952,2.594763331550389,49.0,0.0,10004.0
2019,2,ppo,5,5,-0.6423298480506436,2.599205611303113,46.0,0.0,10005.0
2019,2,ppo,5,6,-0.6279907792846604,2.460723282857984,49.0,0.0,10006.0
2019,2,ppo,5,7,-0.6986160014306387,2.445472841009042,55.0,0.0,10007.0
2019,2,ppo,5,8,-0.7907485659154138,2.5919491970922763,47.0,0.0,10008.0
2019,2,ppo,5,9,-0.7145646152216929,2.5577258810174315,48.0,0.0,10009.0
2019,2,ppo,6,0,-0.6825724564158745,2.4700658897129113,50.0,0.0,10000.0
2019,2,ppo,6,1,-0.674952291431875,2.4250544969631918,55.0,0.0,10001.0
2019,2,ppo,6,2,-0.6440223388268624,2.439394053942527,54.0,0.0,10002.0
2019,2,ppo,6,3,-0.694673551169387,2.3377121133379166,56.0,0.0,10003.0
2019,2,ppo,6,4,-0.6741942567257556,2.4971902366915524,53.0,0.0,10004.0
2019,2,ppo,6,5,-0.7380789062277622,2.457221351797904,53.0,0.0,10005.0
2019,2,ppo,6,6,-0.6518437241143173,2.3884169005748617,53.0,0.0,10006.0
2019,2,ppo,6,7,-0.6739473209447975,2.4828427931440045,52.0,0.0,10007.0
2019,2,ppo,6,8,-0.6991651073951212,2.4933903114923113,51.0,0.0,10008.0
2019,2,ppo,6,9,-0.7174076759230423,2.431588353284811,52.0,0.0,10009.0
2019,2,ppo,7,0,-0.6250957898331159,2.4546655379727884,50.0,0.0,10000.0
2019,2,ppo,7,1,-0.6342471625660941,2.521014019439685,50.0,0.0,10001.0
2019,2,ppo,7,2,-0.7374338918376131,2.5673477366416564,48.0,0.0,10002.0
2019,2,ppo,7,3,-0.6492311287418571,2.4353020029882178,50.0,0.0,10003.0
2019,2,ppo,7,4,-0.7125845837093696,2.572759262362869,49.0,0.0,10004.0
2019,2,ppo,7,5,-0.7437954419684687,2.4928332913094846,52.0,0.0,10005.0
2019,2,ppo,7,6,-0.6817742660688221,2.488792285352885,49.0,0.0,10006.0
2019,2,ppo,7,7,-0.7337597457419468,2.5095103633044156,50.0,0.0,10007.0
2019,2,ppo,7,8,-0.6460156848977203,2.5141439602256743,50.0,0.0,10008.0
2019,2,ppo,7,9,-0.669261824944683,2.5064342075804205,48.0,0.0,10009.0
2019,2,ppo,8,0,-0.603685613025208,2.4693299981528796,50.0,0.0,10000.0
2019,2,ppo,8,1,-0.7969365630940018,2.5699382394076125,47.0,0.0,10001.0
2019,2,ppo,8,2,-0.6305068236646967,2.5450049098693492,49.0,0.0,10002.0
2019,2,ppo,8,3,-0.7297897853330627,2.472486807180269,49.0,0.0,10003.0
2019,2,ppo,8,4,-0.7679484543991949,2.6048786124444296,49.0,0.0,10004.0
2019,2,ppo,8,5,-0.6849854857126513,2.5655669048056313,47.0,0.0,10005.0
2019,2,ppo,8,6,-0.6073108392640697,2.4631085416202563,49.0,0.0,10006.0
2019,2,ppo,8,7,-0.6656013565740038,2.560687911410134,49.0,0.0,10007.0
2019,2,ppo,8,8,-0.7434507853223083,2.5714297016623866,49.0,0.0,10008.0
2019,2,ppo,8,9,-0.6922652386594734,2.470451946327867,50.0,0.0,10009.0
2019,2,ppo,9,0,-0.630659761403676,2.4161327462976567,54.0,0.0,10000.0
2019,2,ppo,9,1,-0.7571008064820813,2.59043500566018,48.0,0.0,10001.0
2019,2,ppo,9,2,-0.6515431448184371,2.470802988663741,54.0,0.0,10002.0
2019,2,ppo,9,3,-0.5879687549099941,2.46152568610465,48.0,0.0,10003.0
2019,2,ppo,9,4,-0.6296731545392104,2.55716356764313,50.0,0.0,10004.0
2019,2,ppo,9,5,-0.6683727138887829,2.5522172876406275,48.0,0.0,10005.0
2019,2,ppo,9,6,-0.6344542427470371,2.4402628820319427,50.0,0.0,10006.0
2019,2,ppo,9,7,-0.7608437052820225,2.488913763344127,54.0,0.0,10007.0
2019,2,ppo,9,8,-0.6970747653520105,2.614507725171309,46.0,0.0,10008.0
2019,2,ppo,9,9,-0.7316569234621371,2.5463246088700906,48.0,0.0,10009.0
2020,2,none,-1,0,-4.898941420493765,3.484078175928402,0.0,1.9230769230769231,
2020,2,none,-1,1,-4.8804465696413635,3.5408675802563514,0.0,1.7307692307692308,
2020,2,none,-1,2,-5.16464011434594,3.5432714218869217,0.0,2.5,
2020,2,none,-1,3,-4.932418791763195,3.4578208109765116,0.0,2.1153846153846154,
2020,2,none,-1,4,-4.370756239716488,3.5615488444222434,0.0,1.1538461538461542,
2020,2,none,-1,5,-4.597090516167401,3.5345072509314215,0.0,1.9230769230769231,
2020,2,none,-1,6,-4.378636446103475,3.4400882368822985,0.0,0.9615384615384616,
2020,2,none,-1,7,-5.110670572432119,3.5487736827807503,0.0,1.3461538461538463,
2020,2,none,-1,8,-4.508669726870492,3.5290981764917104,0.0,2.1153846153846154,
2020,2,none,-1,9,-5.035066595520278,3.515876355169534,0.0,2.1153846153846154,
2020,2,threshold,-1,0,-4.898941420493765,3.484078175928402,0.0,1.9230769230769231,
2020,2,threshold,-1,1,-4.8804465696413635,3.5408675802563514,0.0,1.7307692307692308,
2020,2,threshold,-1,2,-5.16464011434594,3.5432714218869217,0.0,2.5,
2020,2,threshold,-1,3,-4.932418791763195,3.4578208109765116,0.0,2.1153846153846154,
2020,2,threshold,-1,4,-4.370756239716488,3.5615488444222434,0.0,1.1538461538461542,
2020,2,threshold,-1,5,-4.597090516167401,3.5345072509314215,0.0,1.9230769230769231,
2020,2,threshold,-1,6,-4.378636446103475,3.4400882368822985,0.0,0.9615384615384616,
2020,2,threshold,-1,7,-5.110670572432119,3.5487736827807503,0.0,1.3461538461538463,
2020,2,threshold,-1,8,-4.508669726870492,3.5290981764917104,0.0,2.1153846153846154,
2020,2,threshold,-1,9,-5.035066595520278,3.515876355169534,0.0,2.1153846153846154,
2020,2,calendar,-1,0,-1.9991353054176975,2.9602288339009917,23.0,0.19230769230769232,
2020,2,calendar,-1,1,-2.0254106224563,3.0384857894523787,22.0,0.19230769230769232,
2020,2,calendar,-1,2,-1.7813227425392022,2.9797128521494605,24.0,0.19230769230769232,
2020,2,calendar,-1,3,-2.3077317216165127,2.95483587291177,22.0,0.7692307692307693,
2020,2,calendar,-1,4,-1.7268985625774333,3.0300592533474022,23.0,0.19230769230769232,
2020,2,calendar,-1,5,-1.833494585964998,2.9865616911451434,24.0,0.38461538461538464,
2020,2,calendar,-1,6,-1.799111476816858,2.9393249180219496,22.0,0.0,
2020,2,calendar,-1,7,-2.030256737246343,3.01582774812078,23.0,0.0,
2020,2,calendar,-1,8,-2.256344381261179,3.0920771339522424,20.0,0.19230769230769232,
2020,2,calendar,-1,9,-2.2737083257804733,3.045789613144218,21.0,0.38461538461538464,
2020,2,mpc1,-1,0,-1.4493759229892174,2.9843610227184985,18.0,0.0,
2020,2,mpc1,-1,1,-1.5122733420079955,3.0348222410452386,18.0,0.0,
2020,2,mpc1,-1,2,-1.771749000651949,3.045495600713724,18.0,0.19230769230769232,
2020,2,mpc1,-1,3,-1.4421580350544008,2.9571684764098127,18.0,0.38461538461538464,
2020,2,mpc1,-1,4,-1.6040658571985789,3.075371573869937,18.0,0.38461538461538464,
2020,2,mpc1,-1,5,-1.4103008249412385,3.034694625130091,18.0,0.19230769230769232,
2020,2,mpc1,-1,6,-1.29449436795282,2.945729898506649,18.0,0.0,
2020,2,mpc1,-1,7,-1.6433445064518803,3.0409789849241866,18.0,0.0,
2020,2,mpc1,-1,8,-1.3753419327157346,3.0339630352794202,18.0,0.19230769230769232,
2020,2,mpc1,-1,9,-1.5490014823317169,3.015088284835948,18.0,0.0,
2020,2,ppo,0,0,-0.699484060564799,2.2960813153726822,49.0,0.0,10000.0
2020,2,ppo,0,1,-0.7100144186734134,2.40566401544331,45.0,0.0,10001.0
2020,2,ppo,0,2,-0.6771722089410255,2.259986794565165,53.0,0.0,10002.0
2020,2,ppo,0,3,-0.5994607111112301,2.2123282247331586,51.0,0.0,10003.0
2020,2,ppo,0,4,-0.6787898259327021,2.378610077419561,48.0,0.0,10004.0
2020,2,ppo,0,5,-0.7413588544168341,2.2949526880477555,51.0,0.0,10005.0
2020,2,ppo,0,6,-0.6643924979391624,2.3201427016122462,46.0,0.0,10006.0
2020,2,ppo,0,7,-0.6759692169006075,2.335612902900896,49.0,0.0,10007.0
2020,2,ppo,0,8,-0.636732789923932,2.338162781980767,49.0,0.0,10008.0
2020,2,ppo,0,9,-0.6753491168565902,2.2561919244130477,53.0,0.0,10009.0
2020,2,ppo,1,0,-0.7399707091177802,2.3020989075596123,49.0,0.0,10000.0
2020,2,ppo,1,1,-0.7278198770297118,2.2985584142521995,51.0,0.0,10001.0
2020,2,ppo,1,2,-0.6954424124558473,2.3016848768730394,51.0,0.0,10002.0
2020,2,ppo,1,3,-0.6208430374461672,2.293132764038355,47.0,0.0,10003.0
2020,2,ppo,1,4,-0.6828980648323922,2.342086429569289,50.0,0.0,10004.0
2020,2,ppo,1,5,-0.6980867152511637,2.3629562531823973,47.0,0.0,10005.0
2020,2,ppo,1,6,-0.6906808237858567,2.274042012305336,49.0,0.0,10006.0
2020,2,ppo,1,7,-0.6653946024482289,2.301644204173428,51.0,0.0,10007.0
2020,2,ppo,1,8,-0.7184827465576161,2.3513481004503136,49.0,0.0,10008.0
2020,2,ppo,1,9,-0.6808881935895778,2.2367034587128414,53.0,0.0,10009.0
2020,2,ppo,2,0,-0.6790963287799179,2.254792026290981,51.0,0.0,10000.0
2020,2,ppo,2,1,-0.6599509741781143,2.2584387506964823,52.0,0.0,10001.0
2020,2,ppo,2,2,-0.6907785258097202,2.3563821802160345,48.0,0.0,10002.0
2020,2,ppo,2,3,-0.6320038537388833,2.2442994528168128,50.0,0.0,10003.0
2020,2,ppo,2,4,-0.654477148301751,2.356835448370151,50.0,0.0,10004.0
2020,2,ppo,2,5,-0.7394466806061386,2.4064933366622365,45.0,0.0,10005.0
2020,2,ppo,2,6,-0.8124167527723757,2.3369312388253487,47.0,0.0,10006.0
2020,2,ppo,2,7,-0.7768672478409991,2.411500561588728,45.0,0.0,10007.0
2020,2,ppo,2,8,-0.5922528677190717,2.2740166862055915,52.0,0.0,10008.0
2020,2,ppo,2,9,-0.6519143234816988,2.3028510942301312,50.0,0.0,10009.0
2020,2,ppo,3,0,-0.6244673041657337,2.2766709103287033,50.0,0.0,10000.0
2020,2,ppo,3,1,-0.6535025972162086,2.255989800410821,53.0,0.0,10001.0
2020,2,ppo,3,2,-0.6817151197075525,2.279294049158705,52.0,0.0,10002.0
2020,2,ppo,3,3,-0.6272037447835028,2.1989455196527024,52.0,0.0,10003.0
2020,2,ppo,3,4,-0.6358826329832855,2.3575791680676064,50.0,0.0,10004.0
2020,2,ppo,3,5,-0.6893697668936711,2.229014154691346,54.0,0.0,10005.0
2020,2,ppo,3,6,-0.6516477696598847,2.218789075512481,52.0,0.0,10006.0
2020,2,ppo,3,7,-0.6322973528581467,2.27268635383419,52.0,0.0,10007.0
2020,2,ppo,3,8,-0.6336617284103698,2.340555093134891,49.0,0.0,10008.0
2020,2,ppo,3,9,-0.7194368528566005,2.2724678840830794,53.0,0.0,10009.0
2020,2,ppo,4,0,-0.6711109624882492,2.23871010019938,51.0,0.0,10000.0
2020,2,ppo,4,1,-0.5956266956643058,2.2655940031638306,52.0,0.0,10001.0
2020,2,ppo,4,2,-0.7194917778755969,2.294250211808458,52.0,0.0,10002.0
2020,2,ppo,4,3,-0.696251392929309,2.2013518026296777,52.0,0.0,10003.0
2020,2,ppo,4,4,-0.6615050609128319,2.3437650844423987,51.0,0.0,10004.0
2020,2,ppo,4,5,-0.6953352051059538,2.3257025662842774,49.0,0.0,10005.0
2020,2,ppo,4,6,-0.6986695782004817,2.259420408792182,50.0,0.0,10006.0
2020,2,ppo,4,7,-0.6645205948031159,2.3035528548309574,51.0,0.0,10007.0
2020,2,ppo,4,8,-0.6760721379735053,2.3414301819788146,50.0,0.0,10008.0
2020,2,ppo,4,9,-0.7454653816482687,2.357461953940087,48.0,0.0,10009.0
2020,2,ppo,5,0,-0.6563212081673047,2.254554820279632,51.0,0.0,10000.0
2020,2,ppo,5,1,-0.7257655114054948,2.279644383448933,52.0,0.0,10001.0
2020,2,ppo,5,2,-0.6952726393484385,2.340825209498709,49.0,0.0,10002.0
2020,2,ppo,5,3,-0.6026791237257645,2.2291018953342747,50.0,0.0,10003.0
2020,2,ppo,5,4,-0.6798264027282298,2.358691073316092,50.0,0.0,10004.0
2020,2,ppo,5,5,-0.7314543775291751,2.305135942270186,50.0,0.0,10005.0
2020,2,ppo,5,6,-0.6931522001759295,2.209700203520093,52.0,0.0,10006.0
2020,2,ppo,5,7,-0.6333053852497021,2.273650501767817,52.0,0.0,10007.0
2020,2,ppo,5,8,-0.632549954607048,2.2985890456365805,50.0,0.0,10008.0
2020,2,ppo,5,9,-0.7196650044369467,2.29837343950289,50.0,0.0,10009.0
2020,2,ppo,6,0,-0.7775329031415633,2.3588199719767444,46.0,0.0,10000.0
2020,2,ppo,6,1,-0.6243568159062195,2.3295461410532705,48.0,0.0,10001.0
2020,2,ppo,6,2,-0.7423147350169366,2.367422147925751,48.0,0.0,10002.0
2020,2,ppo,6,3,-0.6044505739743194,2.281504864372555,48.0,0.0,10003.0
2020,2,ppo,6,4,-0.8193428940858559,2.3185928497942117,52.0,0.0,10004.0
2020,2,ppo,6,5,-0.6554555429199579,2.355074855099754,48.0,0.0,10005.0
2020,2,ppo,6,6,-0.6797104138571436,2.2669773549449146,49.0,0.0,10006.0
2020,2,ppo,6,7,-0.6754315406569183,2.303792835465516,50.0,0.0,10007.0
2020,2,ppo,6,8,-0.6596349631492461,2.3148017653313113,50.0,0.0,10008.0
2020,2,ppo,6,9,-0.7212290565244115,2.3208716054200456,49.0,0.0,10009.0
2020,2,ppo,7,0,-0.7300508108851872,2.305326657026211,49.0,0.0,10000.0
2020,2,ppo,7,1,-0.72739306346899,2.3403152570202854,49.0,0.0,10001.0
2020,2,ppo,7,2,-0.6453893034347615,2.2696428133654267,52.0,0.0,10002.0
2020,2,ppo,7,3,-0.6268299925190691,2.3015743431509996,47.0,0.0,10003.0
2020,2,ppo,7,4,-0.6377181368468692,2.3227593858914157,51.0,0.0,10004.0
2020,2,ppo,7,5,-0.6646996791521548,2.359348221567461,47.0,0.0,10005.0
2020,2,ppo,7,6,-0.7017887460729001,2.272787741201882,49.0,0.0,10006.0
2020,2,ppo,7,7,-0.6526445916630954,2.29823407375629,51.0,0.0,10007.0
2020,2,ppo,7,8,-0.6750976600346309,2.360192502896174,49.0,0.0,10008.0
2020,2,ppo,7,9,-0.7674345800805469,2.3785831324824795,47.0,0.0,10009.0
2020,2,ppo,8,0,-0.7407177437872903,2.310717012327415,49.0,0.0,10000.0
2020,2,ppo,8,1,-0.6161670031301663,2.267611048777229,52.0,0.0,10001.0
2020,2,ppo,8,2,-0.7333898363837154,2.3314985160615165,50.0,0.0,10002.0
2020,2,ppo,8,3,-0.5978199976086248,2.22378432687131,51.0,0.0,10003.0
2020,2,ppo,8,4,-0.6497495912924057,2.312704816400954,53.0,0.0,10004.0
2020,2,ppo,8,5,-0.6937516043223322,2.352650996095151,48.0,0.0,10005.0
2020,2,ppo,8,6,-0.7336247092958275,2.2504640656788717,51.0,0.0,10006.0
2020,2,ppo,8,7,-0.6361303723311703,2.2647473043379365,53.0,0.0,10007.0
2020,2,ppo,8,8,-0.6561385422165094,2.364336574694098,49.0,0.0,10008.0
2020,2,ppo,8,9,-0.6859684134622726,2.2907441775493207,51.0,0.0,10009.0
2020,2,ppo,9,0,-0.7071250228365973,2.2653367306048344,50.0,0.0,10000.0
2020,2,ppo,9,1,-0.6628030198994104,2.379026668555729,46.0,0.0,10001.0
2020,2,ppo,9,2,-0.7106036196838659,2.324816679860073,50.0,0.0,10002.0
2020,2,ppo,9,3,-0.6520502922559005,2.2570159663708798,50.0,0.0,10003.0
2020,2,ppo,9,4,-0.638192783780454,2.3554186071695744,50.0,0.0,10004.0
2020,2,ppo,9,5,-0.6548732460742982,2.383828278288811,47.0,0.0,10005.0
2020,2,ppo,9,6,-0.7134085164735443,2.274727518315295,49.0,0.0,10006.0
2020,2,ppo,9,7,-0.6621322017698184,2.371637568827611,47.0,0.0,10007.0
2020,2,ppo,9,8,-0.6421060350604728,2.3259409681065923,49.0,0.0,10008.0
2020,2,ppo,9,9,-0.6637470040077367,2.328669459340185,48.0,0.0,10009.0
2021,2,none,-1,0,-5.650421766127847,3.914637041129158,0.0,1.3725490196078434,
2021,2,none,-1,1,-5.64870080627635,3.975166254104071,0.0,1.3725490196078434,
2021,2,none,-1,2,-6.1058914880748105,3.9760747590841325,0.0,1.9607843137254901,
2021,2,none,-1,3,-5.600891621419264,3.877362879396519,0.0,1.9607843137254901,
2021,2,none,-1,4,-5.339024358107529,4.003644784509701,0.0,1.5686274509803921,
2021,2,none,-1,5,-5.867345964613947,3.9854975388270795,0.0,1.3725490196078434,
2021,2,none,-1,6,-5.100842735039679,3.8686417320324944,0.0,1.7647058823529411,
2021,2,none,-1,7,-6.0036143231586685,3.9891752977032655,0.0,1.3725490196078434,
2021,2,none,-1,8,-5.450459123425007,3.9499997677817,0.0,1.3725490196078431,
2021,2,none,-1,9,-5.75738880148438,3.9099625107990157,0.0,1.9607843137254901,
2021,2,threshold,-1,0,-5.650421766127847,3.914637041129158,0.0,1.3725490196078434,
2021,2,threshold,-1,1,-5.64870080627635,3.975166254104071,0.0,1.3725490196078434,
2021,2,threshold,-1,2,-6.1058914880748105,3.9760747590841325,0.0,1.9607843137254901,
2021,2,threshold,-1,3,-5.600891621419264,3.877362879396519,0.0,1.9607843137254901,
2021,2,threshold,-1,4,-5.339024358107529,4.003644784509701,0.0,1.5686274509803921,
2021,2,threshold,-1,5,-5.867345964613947,3.9854975388270795,0.0,1.3725490196078434,
2021,2,threshold,-1,6,-5.100842735039679,3.8686417320324944,0.0,1.7647058823529411,
2021,2,threshold,-1,7,-6.0036143231586685,3.9891752977032655,0.0,1.3725490196078434,
2021,2,threshold,-1,8,-5.450459123425007,3.9499997677817,0.0,1.3725490196078431,
2021,2,threshold,-1,9,-5.75738880148438,3.9099625107990157,0.0,1.9607843137254901,
2021,2,calendar,-1,0,-2.221503706951438,3.295372063201691,24.0,0.19607843137254902,
2021,2,calendar,-1,1,-1.9031757376052216,3.3409275625503114,24.0,0.0,
2021,2,calendar,-1,2,-2.232541961342401,3.34109639725816,24.0,0.19607843137254902,
2021,2,calendar,-1,3,-2.5088247191417294,3.2515793757347526,24.0,0.7843137254901961,
2021,2,calendar,-1,4,-1.8796674474430355,3.3703959941917834,24.0,0.19607843137254902,
2021,2,calendar,-1,5,-2.3287562043558383,3.3705004140090735,24.0,0.19607843137254902,
2021,2,calendar,-1,6,-1.8587240655253758,3.2579392746561315,24.0,0.19607843137254902,
2021,2,calendar,-1,7,-2.062649302824974,3.339922309722882,24.0,0.19607843137254902,
2021,2,calendar,-1,8,-2.2444470321409398,3.3383196045032344,24.0,0.19607843137254902,
2021,2,calendar,-1,9,-2.1950517478445146,3.2943842110447097,24.0,0.0,
2021,2,mpc1,-1,0,-1.5877129733326028,3.253775218401852,23.0,0.0,
2021,2,mpc1,-1,1,-1.6042248032794784,3.3124278621669565,23.0,0.0,
2021,2,mpc1,-1,2,-1.7447768618155162,3.30748843768846,23.0,0.19607843137254902,
2021,2,mpc1,-1,3,-1.496384017379743,3.2176930392175427,23.0,0.0,
2021,2,mpc1,-1,4,-1.6172574395604518,3.3537487090713856,23.0,0.0,
2021,2,mpc1,-1,5,-1.6417052582055738,3.323581094305594,23.0,0.0,
2021,2,mpc1,-1,6,-1.3037806030685213,3.2226009736705143,23.0,0.0,
2021,2,mpc1,-1,7,-1.6517575032993501,3.317281861474811,23.0,0.0,
2021,2,mpc1,-1,8,-1.4727134313575765,3.2938406131276827,23.0,0.0,
2021,2,mpc1,-1,9,-1.6250948582001794,3.2526390917516363,23.0,0.0,
2021,2,ppo,0,0,-0.6714436136093657,2.5304023767691866,49.0,0.0,10000.0
2021,2,ppo,0,1,-0.7164873131581094,2.5987293703333965,47.0,0.0,10001.0
2021,2,ppo,0,2,-0.765478708826218,2.557652975144697,50.0,0.0,10002.0
2021,2,ppo,0,3,-0.7301402583757389,2.5486591099461706,46.0,0.0,10003.0
2021,2,ppo,0,4,-0.7354739653248071,2.675010225032471,46.0,0.0,10004.0
2021,2,ppo,0,5,-0.7806588690883334,2.487435987984343,54.0,0.0,10005.0
2021,2,ppo,0,6,-0.7101937747782398,2.493138827072933,50.0,0.0,10006.0
2021,2,ppo,0,7,-0.7105034785100565,2.5353724115729794,51.0,0.0,10007.0
2021,2,ppo,0,8,-0.769099766504765,2.671664335139859,44.0,0.0,10008.0
2021,2,ppo,0,9,-0.725489740977598,2.545874676956854,48.0,0.0,10009.0
2021,2,ppo,1,0,-0.7267544300591848,2.4948474940073853,51.0,0.0,10000.0
2021,2,ppo,1,1,-0.7049448972720374,2.683144544496818,44.0,0.0,10001.0
2021,2,ppo,1,2,-0.7614596343044894,2.6397688542450206,46.0,0.0,10002.0
2021,2,ppo,1,3,-0.6920431830657809,2.4305907333528936,52.0,0.0,10003.0
2021,2,ppo,1,4,-0.6379633153847462,2.6267231659914936,49.0,0.0,10004.0
2021,2,ppo,1,5,-0.8000786978964262,2.6901285741728334,45.0,0.0,10005.0
2021,2,ppo,1,6,-0.7349887038719746,2.5594174550762254,47.0,0.0,10006.0
2021,2,ppo,1,7,-0.7333764538031795,2.621520285515196,47.0,0.0,10007.0
2021,2,ppo,1,8,-0.6830359346625116,2.5339132859021536,51.0,0.0,10008.0
2021,2,ppo,1,9,-0.7971519374624451,2.65331770067559,43.0,0.0,10009.0
2021,2,ppo,2,0,-0.7406971859437177,2.5714181318424605,48.0,0.0,10000.0
2021,2,ppo,2,1,-0.6827480968985608,2.4612744557054618,55.0,0.0,10001.0
2021,2,ppo,2,2,-0.7587573901724357,2.6074928371659456,48.0,0.0,10002.0
2021,2,ppo,2,3,-0.6684519710758767,2.5174576628027197,48.0,0.0,10003.0
2021,2,ppo,2,4,-0.7019278630685294,2.537129126289212,54.0,0.0,10004.0
2021,2,ppo,2,5,-0.7927787624028341,2.702919167215912,45.0,0.0,10005.0
2021,2,ppo,2,6,-0.7091250849473011,2.5302954674423557,48.0,0.0,10006.0
2021,2,ppo,2,7,-0.859796721030269,2.529474351067098,53.0,0.0,10007.0
2021,2,ppo,2,8,-0.6850682593192489,2.550217309073787,50.0,0.0,10008.0
2021,2,ppo,2,9,-0.7339395775876831,2.5058887010331654,50.0,0.0,10009.0
2021,2,ppo,3,0,-0.7220319955724512,2.5022362289987874,49.0,0.0,10000.0
2021,2,ppo,3,1,-0.7592339367288745,2.628265129406111,46.0,0.0,10001.0
2021,2,ppo,3,2,-0.8259285259615803,2.577204943458607,48.0,0.0,10002.0
2021,2,ppo,3,3,-0.6907755385737026,2.537044626974899,46.0,0.0,10003.0
2021,2,ppo,3,4,-0.747417402179035,2.580229235382252,51.0,0.0,10004.0
2021,2,ppo,3,5,-0.754223836716761,2.590692155741563,48.0,0.0,10005.0
2021,2,ppo,3,6,-0.718537275556347,2.4583359759234233,51.0,0.0,10006.0
2021,2,ppo,3,7,-0.7327933172392296,2.517596836904363,52.0,0.0,10007.0
2021,2,ppo,3,8,-0.6687006579184396,2.5914972848580757,47.0,0.0,10008.0
2021,2,ppo,3,9,-0.7874240719892065,2.6062122847251117,45.0,0.0,10009.0
2021,2,ppo,4,0,-0.8002853950827574,2.5996077946363942,47.0,0.0,10000.0
2021,2,ppo,4,1,-0.6320200449885521,2.5557692265003613,51.0,0.0,10001.0
2021,2,ppo,4,2,-0.7108122116362807,2.5928546704110276,48.0,0.0,10002.0
2021,2,ppo,4,3,-0.6191071696573073,2.4338833557322657,51.0,0.0,10003.0
2021,2,ppo,4,4,-0.6707110549256597,2.5994618940397585,50.0,0.0,10004.0
2021,2,ppo,4,5,-0.7488970070424816,2.5997658170953297,48.0,0.0,10005.0
2021,2,ppo,4,6,-0.7867023847589362,2.5137221576113165,49.0,0.0,10006.0
2021,2,ppo,4,7,-0.6947644672215405,2.5268474016156826,52.0,0.0,10007.0
2021,2,ppo,4,8,-0.7378959845210977,2.6735748427552353,45.0,0.0,10008.0
2021,2,ppo,4,9,-0.7397709413493297,2.526715559970321,49.0,0.0,10009.0
2021,2,ppo,5,0,-0.7060182571873052,2.4865504152949813,51.0,0.0,10000.0
2021,2,ppo,5,1,-0.6777264484677689,2.5779973118581623,49.0,0.0,10001.0
2021,2,ppo,5,2,-0.7563440145253939,2.5426440711252805,49.0,0.0,10002.0
2021,2,ppo,5,3,-0.6611912382769615,2.456866192726594,50.0,0.0,10003.0
2021,2,ppo,5,4,-0.6721679789389857,2.5804072864141023,51.0,0.0,10004.0
2021,2,ppo,5,5,-0.7749320331233408,2.565960536511078,50.0,0.0,10005.0
2021,2,ppo,5,6,-0.6674607995645258,2.4428549630214826,52.0,0.0,10006.0
2021,2,ppo,5,7,-0.7228805313558783,2.602475270916985,48.0,0.0,10007.0
2021,2,ppo,5,8,-0.7330705201594916,2.5614579223963907,49.0,0.0,10008.0
2021,2,ppo,5,9,-0.7096845375881354,2.496161270264315,51.0,0.0,10009.0
2021,2,ppo,6,0,-0.8237556245095338,2.594651821609849,46.0,0.0,10000.0
2021,2,ppo,6,1,-0.6816375845004716,2.580698659977603,48.0,0.0,10001.0
2021,2,ppo,6,2,-0.8317808455546344,2.660195873303531,44.0,0.0,10002.0
2021,2,ppo,6,3,-0.6618445779522585,2.5296164936229686,46.0,0.0,10003.0
2021,2,ppo,6,4,-0.8330177734118915,2.6803119431463744,46.0,0.0,10004.0
2021,2,ppo,6,5,-0.7014481182510247,2.518390165400337,51.0,0.0,10005.0
2021,2,ppo,6,6,-0.8110355999628515,2.5739377516166613,46.0,0.0,10006.0
2021,2,ppo,6,7,-0.7516065711161998,2.6300979307369534,46.0,0.0,10007.0
2021,2,ppo,6,8,-0.6970106292421631,2.6199681573087203,46.0,0.0,10008.0
2021,2,ppo,6,9,-0.7867047367312825,2.5060647885056566,49.0,0.0,10009.0
2021,2,ppo,7,0,-0.9284965411457899,2.5612379458403844,49.0,0.0,10000.0
2021,2,ppo,7,1,-0.6883439710740062,2.4909825172935056,52.0,0.0,10001.0
2021,2,ppo,7,2,-0.8105260081169975,2.6037876046398343,48.0,0.0,10002.0
2021,2,ppo,7,3,-0.6674192965147597,2.4191326568823937,54.0,0.0,10003.0
2021,2,ppo,7,4,-0.693173849929761,2.6579437971672375,47.0,0.0,10004.0
2021,2,ppo,7,5,-0.7880812182134427,2.5836737772145546,50.0,0.0,10005.0
2021,2,ppo,7,6,-0.7501542030803288,2.531567017734792,48.0,0.0,10006.0
2021,2,ppo,7,7,-0.7420007026248354,2.518988958971806,52.0,0.0,10007.0
2021,2,ppo,7,8,-0.6737049910117106,2.5630288423685696,49.0,0.0,10008.0
2021,2,ppo,7,9,-0.7397042097910482,2.5440420286783736,48.0,0.0,10009.0
2021,2,ppo,8,0,-0.7306910557790762,2.5522227666871364,47.0,0.0,10000.0
2021,2,ppo,8,1,-0.6941877087741254,2.603729304296753,47.0,0.0,10001.0
2021,2,ppo,8,2,-0.8798487263484425,2.5642933680174633,49.0,0.0,10002.0
2021,2,ppo,8,3,-0.6836583031055413,2.478263451088633,49.0,0.0,10003.0
2021,2,ppo,8,4,-0.6891985561641792,2.6053557256605346,49.0,0.0,10004.0
2021,2,ppo,8,5,-0.7484521962993801,2.526674782585803,52.0,0.0,10005.0
2021,2,ppo,8,6,-0.6977084468916221,2.5160248491464836,49.0,0.0,10006.0
2021,2,ppo,8,7,-0.7660654987909278,2.5385572883070875,51.0,0.0,10007.0
2021,2,ppo,8,8,-0.6951117601767538,2.5933466920302624,48.0,0.0,10008.0
2021,2,ppo,8,9,-0.7720103092831294,2.5663731478838554,47.0,0.0,10009.0
2021,2,ppo,9,0,-0.79641451605441,2.5537233579061445,49.0,0.0,10000.0
2021,2,ppo,9,1,-0.6399532005959517,2.573951084760735,49.0,0.0,10001.0
2021,2,ppo,9,2,-0.8736520128412119,2.594067183058414,48.0,0.19607843137254902,10002.0
2021,2,ppo,9,3,-0.7626075608354439,2.5387850320084673,48.0,0.0,10003.0
2021,2,ppo,9,4,-0.6503791802656776,2.5990387525887924,50.0,0.0,10004.0
2021,2,ppo,9,5,-0.8359465366515118,2.723526039840454,43.0,0.0,10005.0
2021,2,ppo,9,6,-0.675197969135718,2.534793027363094,48.0,0.0,10006.0
2021,2,ppo,9,7,-0.8506094952712575,2.742072764732018,42.0,0.0,10007.0
2021,2,ppo,9,8,-0.7274999232786648,2.6046985355477847,48.0,0.0,10008.0
2021,2,ppo,9,9,-0.7703806293298483,2.543971384104831,48.0,0.0,10009.0
2022,2,none,-1,0,-3.955223950893181,3.5205704900611967,0.0,0.2,
2022,2,none,-1,1,-4.400926688530577,3.5735059761490997,0.0,0.8,
2022,2,none,-1,2,-4.382407478326047,3.555085312669689,0.0,1.8000000000000003,
2022,2,none,-1,3,-4.419501417066388,3.4755978427557737,0.0,2.0,
2022,2,none,-1,4,-3.957658066548505,3.610058176329036,0.0,1.4,
2022,2,none,-1,5,-4.305921674068078,3.581162792182914,0.0,1.2000000000000002,
2022,2,none,-1,6,-3.822962240748483,3.47520887470462,0.0,0.6000000000000001,
2022,2,none,-1,7,-4.4193234348545944,3.577573746811968,0.0,1.4,
2022,2,none,-1,8,-4.430528345974279,3.562545115023868,0.0,1.6,
2022,2,none,-1,9,-4.270710674958208,3.537595286012439,0.0,0.8,
2022,2,threshold,-1,0,-3.955223950893181,3.5205704900611967,0.0,0.2,
2022,2,threshold,-1,1,-4.400926688530577,3.5735059761490997,0.0,0.8,
2022,2,threshold,-1,2,-4.382407478326047,3.555085312669689,0.0,1.8000000000000003,
2022,2,threshold,-1,3,-4.419501417066388,3.4755978427557737,0.0,2.0,
2022,2,threshold,-1,4,-3.957658066548505,3.610058176329036,0.0,1.4,
2022,2,threshold,-1,5,-4.305921674068078,3.581162792182914,0.0,1.2000000000000002,
2022,2,threshold,-1,6,-3.822962240748483,3.47520887470462,0.0,0.6000000000000001,
2022,2,threshold,-1,7,-4.4193234348545944,3.577573746811968,0.0,1.4,
2022,2,threshold,-1,8,-4.430528345974279,3.562545115023868,0.0,1.6,
2022,2,threshold,-1,9,-4.270710674958208,3.537595286012439,0.0,0.8,
2022,2,calendar,-1,0,-1.7168963022603845,2.976831831251756,24.0,0.0,
2022,2,calendar,-1,1,-1.68938450573418,3.0575854989475624,21.0,0.0,
2022,2,calendar,-1,2,-1.689536111815408,3.017927563416511,23.0,0.2,
2022,2,calendar,-1,3,-1.9398079555315593,2.98235705146831,21.0,0.4,
2022,2,calendar,-1,4,-1.6114094265573664,3.066067950415613,24.0,0.4,
2022,2,calendar,-1,5,-1.894488264275691,3.045379841902013,24.0,0.2,
2022,2,calendar,-1,6,-1.5150542887363267,2.9827334130449903,22.0,0.2,
2022,2,calendar,-1,7,-1.642037761511638,3.0176484538569133,24.0,0.2,
2022,2,calendar,-1,8,-2.0420125909457516,3.069512519796433,22.0,0.2,
2022,2,calendar,-1,9,-1.6842626941377965,3.049496534088914,20.0,0.0,
2022,2,mpc1,-1,0,-1.168627136187678,3.019727389012403,18.0,0.0,
2022,2,mpc1,-1,1,-1.349135176472877,3.0681849745237586,18.0,0.0,
2022,2,mpc1,-1,2,-1.5122388536549436,3.0576804523453274,18.0,0.2,
2022,2,mpc1,-1,3,-1.4194832806484263,2.9835220182804103,18.0,0.2,
2022,2,mpc1,-1,4,-1.358195827456515,3.1216589998354185,18.0,0.0,
2022,2,mpc1,-1,5,-1.4181391113973763,3.0876496045035693,18.0,0.0,
2022,2,mpc1,-1,6,-1.2376807220565051,2.9872795075192653,18.0,0.2,
2022,2,mpc1,-1,7,-1.5171813505191951,3.076952768823787,18.0,0.2,
2022,2,mpc1,-1,8,-1.713854786664405,3.0785028482595385,18.0,0.4,
2022,2,mpc1,-1,9,-1.298762305315561,3.038762375625708,18.0,0.0,
2022,2,ppo,0,0,-0.6198744143594743,2.2585478794155542,51.0,0.0,10000.0
2022,2,ppo,0,1,-0.6925246179147383,2.2953990382345024,49.0,0.0,10001.0
2022,2,ppo,0,2,-0.7281322230451709,2.2733292234481706,51.0,0.0,10002.0
2022,2,ppo,0,3,-0.6720839946567261,2.2323508610055267,50.0,0.0,10003.0
2022,2,ppo,0,4,-0.6513676375218035,2.344752443228551,51.0,0.0,10004.0
2022,2,ppo,0,5,-0.7119955792109799,2.3098448231790654,51.0,0.0,10005.0
2022,2,ppo,0,6,-0.6671808281663876,2.269458406306539,49.0,0.0,10006.0
2022,2,ppo,0,7,-0.6828763767890393,2.2885807010048684,51.0,0.0,10007.0
2022,2,ppo,0,8,-0.6375272581701933,2.365738065447876,47.0,0.0,10008.0
2022,2,ppo,0,9,-0.632822434728805,2.392457233445625,44.0,0.0,10009.0
2022,2,ppo,1,0,-0.5887072888233482,2.2996392319417875,49.0,0.0,10000.0
2022,2,ppo,1,1,-0.7446131760138986,2.3411157555447804,48.0,0.0,10001.0
2022,2,ppo,1,2,-0.6776868741842643,2.2465498166610542,53.0,0.0,10002.0
2022,2,ppo,1,3,-0.6297006109548033,2.24117321142499,48.0,0.0,10003.0
2022,2,ppo,1,4,-0.6664842947822681,2.3370308160668416,51.0,0.0,10004.0
2022,2,ppo,1,5,-0.7265815908926129,2.3172785445238104,51.0,0.0,10005.0
2022,2,ppo,1,6,-0.6424966994592851,2.2841694560426795,48.0,0.0,10006.0
2022,2,ppo,1,7,-0.5979095818668049,2.356374300591334,47.0,0.0,10007.0
2022,2,ppo,1,8,-0.6676283266198797,2.313184351073932,51.0,0.0,10008.0
2022,2,ppo,1,9,-0.6041819297291351,2.338444454952915,47.0,0.0,10009.0
2022,2,ppo,2,0,-0.6371459317132308,2.3097737190343026,48.0,0.0,10000.0
2022,2,ppo,2,1,-0.690709072097302,2.3436561243938825,47.0,0.0,10001.0
2022,2,ppo,2,2,-0.7134708690524436,2.3237735117417753,48.0,0.0,10002.0
2022,2,ppo,2,3,-0.6397831445648614,2.224963840974813,49.0,0.0,10003.0
2022,2,ppo,2,4,-0.6445191453993524,2.3820272134065084,49.0,0.0,10004.0
2022,2,ppo,2,5,-0.7628695983255668,2.461676674471549,42.0,0.0,10005.0
2022,2,ppo,2,6,-0.671094879961482,2.2885135928965346,47.0,0.0,10006.0
2022,2,ppo,2,7,-0.672690417301594,2.3809009772502128,46.0,0.0,10007.0
2022,2,ppo,2,8,-0.6925399189217226,2.2858724781481317,52.0,0.0,10008.0
2022,2,ppo,2,9,-0.704807459118772,2.3209802653698084,49.0,0.0,10009.0
2022,2,ppo,3,0,-0.6564146026546219,2.341412045888205,46.0,0.0,10000.0
2022,2,ppo,3,1,-0.637871019039027,2.2743909892216716,52.0,0.0,10001.0
2022,2,ppo,3,2,-0.6468450247012375,2.2976953482742317,49.0,0.0,10002.0
2022,2,ppo,3,3,-0.6087631403444111,2.238399304756199,48.0,0.0,10003.0
2022,2,ppo,3,4,-0.6362647076680404,2.362976357894664,51.0,0.0,10004.0
2022,2,ppo,3,5,-0.6781800659970509,2.3541646948349735,47.0,0.0,10005.0
2022,2,ppo,3,6,-0.6772007736130147,2.236396208644712,50.0,0.0,10006.0
2022,2,ppo,3,7,-0.6906335530173453,2.2834050403462145,51.0,0.0,10007.0
2022,2,ppo,3,8,-0.6680049938776795,2.3353286437360192,48.0,0.0,10008.0
2022,2,ppo,3,9,-0.6665883686635434,2.2635220085778927,52.0,0.0,10009.0
2022,2,ppo,4,0,-0.6680699943697926,2.2100292831461474,54.0,0.0,10000.0
2022,2,ppo,4,1,-0.7168102088904961,2.212686530004122,55.0,0.0,10001.0
2022,2,ppo,4,2,-0.6866896490790255,2.2836974936696106,50.0,0.0,10002.0
2022,2,ppo,4,3,-0.6451416861470666,2.2088227287876405,50.0,0.0,10003.0
2022,2,ppo,4,4,-0.7191127850691623,2.316799674340793,53.0,0.0,10004.0
2022,2,ppo,4,5,-0.7254643491747269,2.248929037266097,54.0,0.0,10005.0
2022,2,ppo,4,6,-0.6849642630365143,2.2600845102083857,49.0,0.0,10006.0
2022,2,ppo,4,7,-0.6663059540871217,2.293297497492017,50.0,0.0,10007.0
2022,2,ppo,4,8,-0.6843647619375357,2.228188384206387,55.0,0.0,10008.0
2022,2,ppo,4,9,-0.6664479671819145,2.1959957159327343,55.0,0.0,10009.0
2022,2,ppo,5,0,-0.6191146778759321,2.2805580771701632,50.0,0.0,10000.0
2022,2,ppo,5,1,-0.6407144555895039,2.3015650733004125,50.0,0.0,10001.0
2022,2,ppo,5,2,-0.678693325099505,2.294602349199669,51.0,0.0,10002.0
2022,2,ppo,5,3,-0.634181021824053,2.2094406699865545,51.0,0.0,10003.0
2022,2,ppo,5,4,-0.6115590111406828,2.4137565194784973,47.0,0.0,10004.0
2022,2,ppo,5,5,-0.6874734969775974,2.3747894137803045,47.0,0.0,10005.0
2022,2,ppo,5,6,-0.6323337452708737,2.219385676172382,52.0,0.0,10006.0
2022,2,ppo,5,7,-0.6135054337338331,2.298122860568899,51.0,0.0,10007.0
2022,2,ppo,5,8,-0.6635272873898279,2.345997523275602,48.0,0.0,10008.0
2022,2,ppo,5,9,-0.5864133904784453,2.297636926614849,50.0,0.0,10009.0
2022,2,ppo,6,0,-0.6348923865767161,2.3202979451557435,47.0,0.0,10000.0
2022,2,ppo,6,1,-0.6918244787490577,2.347262828642498,47.0,0.0,10001.0
2022,2,ppo,6,2,-0.6372978993699296,2.3648365736082106,45.0,0.0,10002.0
2022,2,ppo,6,3,-0.6190966028988918,2.294198206241519,45.0,0.0,10003.0
2022,2,ppo,6,4,-0.5889383880077508,2.4710404906891004,43.0,0.0,10004.0
2022,2,ppo,6,5,-0.639973343201062,2.412745565217051,44.0,0.0,10005.0
2022,2,ppo,6,6,-0.6341915926730918,2.2997880970471454,47.0,0.0,10006.0
2022,2,ppo,6,7,-0.6634530694484387,2.3867557852693135,45.0,0.0,10007.0
2022,2,ppo,6,8,-0.6571474216130917,2.2445095194429143,54.0,0.0,10008.0
2022,2,ppo,6,9,-0.6362611466221514,2.2357032588930967,53.0,0.0,10009.0
2022,2,ppo,7,0,-0.5941427109425031,2.2791952783848335,49.0,0.0,10000.0
2022,2,ppo,7,1,-0.6930182020663941,2.3102626958319674,50.0,0.0,10001.0
2022,2,ppo,7,2,-0.6041174856313262,2.2593596342181104,51.0,0.0,10002.0
2022,2,ppo,7,3,-0.6775546109782726,2.183107202772803,53.0,0.0,10003.0
2022,2,ppo,7,4,-0.6539964123699097,2.352275142046939,50.0,0.0,10004.0
2022,2,ppo,7,5,-0.7214305756854519,2.2617094862137126,55.0,0.0,10005.0
2022,2,ppo,7,6,-0.6490455726795976,2.2974586104379764,47.0,0.0,10006.0
2022,2,ppo,7,7,-0.6430475695169857,2.288874945017324,51.0,0.0,10007.0
2022,2,ppo,7,8,-0.6116787142345365,2.3575335179185886,47.0,0.0,10008.0
2022,2,ppo,7,9,-0.6020359706639342,2.3349831115811055,47.0,0.0,10009.0
2022,2,ppo,8,0,-0.6256024638315141,2.3784898410127537,44.0,0.0,10000.0
2022,2,ppo,8,1,-0.6986894797931198,2.3655644352723986,48.0,0.0,10001.0
2022,2,ppo,8,2,-0.6020610454635946,2.2816941769778847,49.0,0.0,10002.0
2022,2,ppo,8,3,-0.6266080322204673,2.2414848033924124,48.0,0.0,10003.0
2022,2,ppo,8,4,-0.6225428804071101,2.340755143850898,51.0,0.0,10004.0
2022,2,ppo,8,5,-0.7136570610845725,2.267880702661205,53.0,0.0,10005.0
2022,2,ppo,8,6,-0.6691071779312012,2.2723567849584048,48.0,0.0,10006.0
2022,2,ppo,8,7,-0.6016693920409695,2.335155936134568,46.0,0.0,10007.0
2022,2,ppo,8,8,-0.6513296264680936,2.3904722591703704,45.0,0.0,10008.0
2022,2,ppo,8,9,-0.6135599809705835,2.2790458551176696,49.0,0.0,10009.0
2022,2,ppo,9,0,-0.612015339372021,2.307192373711045,48.0,0.0,10000.0
2022,2,ppo,9,1,-0.7239497778362262,2.3252310701797727,49.0,0.0,10001.0
2022,2,ppo,9,2,-0.676210782583008,2.313308365166235,48.0,0.0,10002.0
2022,2,ppo,9,3,-0.635827136877749,2.19036347660862,52.0,0.0,10003.0
2022,2,ppo,9,4,-0.6852893782890639,2.300966407820521,53.0,0.0,10004.0
2022,2,ppo,9,5,-0.7010405444887442,2.294283701615623,50.0,0.0,10005.0
2022,2,ppo,9,6,-0.6389030182919953,2.25699872286168,49.0,0.0,10006.0
2022,2,ppo,9,7,-0.6401635585815587,2.3053117208051406,50.0,0.0,10007.0
2022,2,ppo,9,8,-0.7161331560218046,2.317905946654438,49.0,0.0,10008.0
2022,2,ppo,9,9,-0.6543922769408669,2.277172051111146,51.0,0.0,10009.0
