model,wall_sec,start,end
a2c_c12_s0,1262.3,2026-09-14 04:46:47.882202148,2026-09-14 05:07:50.216763496
a2c_c12_s1,1263.1,2026-09-14 04:46:55.957239628,2026-09-14 05:07:59.035291433
a2c_c12_s2,1210.8,2026-09-14 04:51:45.390068531,2026-09-14 05:11:56.174485207
a2c_c2_s0,199.9,2026-09-14 04:25:48.355964422,2026-09-14 04:29:08.241235495
a2c_c2_s1,186.2,2026-09-14 04:29:10.837891102,2026-09-14 04:32:16.999173641
a2c_c2_s2,190.8,2026-09-14 04:32:07.518440484,2026-09-14 04:35:18.323026896
a2c_c4_s0,202.2,2026-09-14 04:32:17.584111214,2026-09-14 04:35:39.787651777
a2c_c4_s1,200.2,2026-09-14 04:32:29.673787355,2026-09-14 04:35:49.839569807
a2c_c4_s2,202.0,2026-09-14 04:35:20.525218725,2026-09-14 04:38:42.546996117
a2c_c6_s0,238.8,2026-09-14 04:35:40.654101133,2026-09-14 04:39:39.412764549
a2c_c6_s1,238.5,2026-09-14 04:35:50.725837469,2026-09-14 04:39:49.250627755
a2c_c6_s2,276.6,2026-09-14 04:38:43.513105630,2026-09-14 04:43:20.148659945
a2c_c8_s0,424.0,2026-09-14 04:39:41.786971331,2026-09-14 04:46:45.826109886
a2c_c8_s1,424.7,2026-09-14 04:39:49.855591536,2026-09-14 04:46:54.583990335
a2c_c8_s2,502.4,2026-09-14 04:43:20.866351366,2026-09-14 04:51:43.309066296
a2c_cinf_s0,561.1,2026-09-14 05:07:51.446067333,2026-09-14 05:17:12.527343272
a2c_cinf_s1,556.0,2026-09-14 05:08:01.520124197,2026-09-14 05:17:17.526565075
a2c_cinf_s2,519.4,2026-09-14 05:11:58.306143284,2026-09-14 05:20:37.756062031
dqn_c2_s0,124.7,2026-09-14 05:17:13.271117449,2026-09-14 05:19:18.009815216
dqn_c2_s1,124.3,2026-09-14 05:17:19.324992657,2026-09-14 05:19:23.580742121
dqn_c2_s2,136.2,2026-09-14 05:19:19.715220451,2026-09-14 05:21:35.872366428
dqn_c6_s0,317.4,2026-09-14 05:19:25.772682905,2026-09-14 05:24:43.132255077
dqn_c6_s1,334.8,2026-09-14 05:20:40.052784204,2026-09-14 05:26:14.863241911
dqn_c6_s2,297.0,2026-09-14 05:21:38.380011082,2026-09-14 05:26:35.364511013
ppo_c12_s0,3646.5,2026-09-14 02:52:51.529700041,2026-09-14 03:53:38.029628992
ppo_c12_s1,3574.3,2026-09-14 02:52:57.587832928,2026-09-14 03:52:31.871600389
ppo_c12_s2,3196.0,2026-09-14 03:13:48.948220730,2026-09-14 04:07:04.984693289
ppo_c2_s0,1004.3,2026-09-14 01:08:20.076014280,2026-09-14 01:25:04.390643358
ppo_c2_s0_adj,217.4,2026-09-14 05:24:49.422069311,2026-09-14 05:28:26.818273783
ppo_c2_s1,1004.4,2026-09-14 01:08:20.097826719,2026-09-14 01:25:04.516423225
ppo_c2_s1_adj,237.5,2026-09-14 05:28:28.350776434,2026-09-14 05:32:25.886347771
ppo_c2_s2,1004.6,2026-09-14 01:08:20.121527910,2026-09-14 01:25:04.766515732
ppo_c2_s2_adj,236.1,2026-09-14 05:32:27.102385283,2026-09-14 05:36:23.236791134
ppo_c2_s3,219.0,2026-09-14 01:25:06.827969790,2026-09-14 01:28:45.862220526
ppo_c2_s3_adj,242.1,2026-09-14 05:36:23.848949671,2026-09-14 05:40:25.935679674
ppo_c2_s4,219.8,2026-09-14 01:25:06.850884914,2026-09-14 01:28:46.602915287
ppo_c2_s4_adj,235.8,2026-09-14 05:40:26.673457623,2026-09-14 05:44:22.489669323
ppo_c2_s5,220.7,2026-09-14 01:25:06.874707460,2026-09-14 01:28:47.609777451
ppo_c2_s6,209.0,2026-09-14 01:28:47.594501257,2026-09-14 01:32:16.638071299
ppo_c2_s7,209.5,2026-09-14 01:28:47.634082317,2026-09-14 01:32:17.129794598
ppo_c2_s8,208.1,2026-09-14 01:28:49.680300713,2026-09-14 01:32:17.799005985
ppo_c2_s9,193.0,2026-09-14 01:32:18.297928333,2026-09-14 01:35:31.326019764
ppo_c4_s0,218.4,2026-09-14 01:32:18.322042942,2026-09-14 01:35:56.698464632
ppo_c4_s1,218.7,2026-09-14 01:32:18.347596884,2026-09-14 01:35:57.031966448
ppo_c4_s2,208.2,2026-09-14 01:35:33.105917215,2026-09-14 01:39:01.321478128
ppo_c4_s3,207.0,2026-09-14 01:35:59.220740318,2026-09-14 01:39:26.265588999
ppo_c4_s4,207.1,2026-09-14 01:35:59.256263493,2026-09-14 01:39:26.357636452
ppo_c4_s5,203.0,2026-09-14 01:39:02.134757757,2026-09-14 01:42:25.156079292
ppo_c4_s6,204.7,2026-09-14 01:39:28.291898251,2026-09-14 01:42:52.964942455
ppo_c4_s7,203.7,2026-09-14 01:39:28.314091682,2026-09-14 01:42:52.057236433
ppo_c4_s8,211.5,2026-09-14 01:42:27.160054445,2026-09-14 01:45:58.671924591
ppo_c4_s9,214.2,2026-09-14 01:42:53.314998388,2026-09-14 01:46:27.531114340
ppo_c6_s0,340.2,2026-09-14 01:42:55.349632740,2026-09-14 01:48:35.526976109
ppo_c6_s1,431.8,2026-09-14 01:46:00.248888016,2026-09-14 01:53:12.097688198
ppo_c6_s2,442.8,2026-09-14 01:46:28.386469603,2026-09-14 01:53:51.154764414
ppo_c6_s3,452.9,2026-09-14 01:48:36.875042677,2026-09-14 01:56:09.756967783
ppo_c6_s4,443.4,2026-09-14 01:53:13.774089813,2026-09-14 02:00:37.126978159
ppo_c6_s5,440.8,2026-09-14 01:53:51.962754726,2026-09-14 02:01:12.800931454
ppo_c6_s6,421.7,2026-09-14 01:56:10.451384306,2026-09-14 02:03:12.180932283
ppo_c6_s7,368.4,2026-09-14 02:00:39.374388218,2026-09-14 02:06:47.803986073
ppo_c6_s8,359.9,2026-09-14 02:01:13.567109823,2026-09-14 02:07:13.444621563
ppo_c6_s9,366.0,2026-09-14 02:03:14.105602026,2026-09-14 02:09:20.117656469
ppo_c8_s0,792.5,2026-09-14 02:06:49.145638943,2026-09-14 02:20:01.630645990
ppo_c8_s1,797.6,2026-09-14 02:07:15.291229725,2026-09-14 02:20:32.862926245
ppo_c8_s2,802.7,2026-09-14 02:09:21.957093716,2026-09-14 02:22:44.608527660
ppo_c8_s3,1020.9,2026-09-14 02:20:02.881886005,2026-09-14 02:37:03.738974810
ppo_c8_s4,986.3,2026-09-14 02:20:35.046159506,2026-09-14 02:37:01.347679853
ppo_c8_s5,861.0,2026-09-14 02:22:45.708313227,2026-09-14 02:37:06.706285000
ppo_c8_s6,946.2,2026-09-14 02:37:03.912393332,2026-09-14 02:52:50.144162655
ppo_c8_s7,940.9,2026-09-14 02:37:05.948555946,2026-09-14 02:52:46.834532261
ppo_c8_s8,947.8,2026-09-14 02:37:07.975284338,2026-09-14 02:52:55.748275518
ppo_c8_s9,1257.9,2026-09-14 02:52:49.486340761,2026-09-14 03:13:47.375461817
ppo_cinf_s0,727.0,2026-09-14 03:52:34.602006197,2026-09-14 04:04:41.602351189
ppo_cinf_s0_adj,1055.0,2026-09-14 02:56:35.015664101,2026-09-14 03:14:10.020421267
ppo_cinf_s1,693.2,2026-09-14 03:53:40.861958742,2026-09-14 04:05:14.081347466
ppo_cinf_s1_adj,1001.3,2026-09-14 03:14:11.905171156,2026-09-14 03:30:53.168716431
ppo_cinf_s2,597.7,2026-09-14 04:04:43.048176527,2026-09-14 04:14:40.712092161
ppo_cinf_s2_adj,1159.3,2026-09-14 03:30:55.326482058,2026-09-14 03:50:14.657729864
ppo_cinf_s3,599.3,2026-09-14 04:05:15.239809036,2026-09-14 04:15:14.490653276
ppo_cinf_s3_adj,5096.8,2026-09-14 03:50:17.219715595,2026-09-14 05:15:14.052193880
ppo_cinf_s4,585.5,2026-09-14 04:07:07.787006617,2026-09-14 04:16:53.263968468
ppo_cinf_s4_adj,573.0,2026-09-14 05:15:15.228008986,2026-09-14 05:24:48.185573816
ppo_cinf_s5,548.9,2026-09-14 04:14:42.710487127,2026-09-14 04:23:51.576802254
ppo_cinf_s6,539.0,2026-09-14 04:15:16.810767174,2026-09-14 04:24:15.790859699
ppo_cinf_s7,531.8,2026-09-14 04:16:55.046069145,2026-09-14 04:25:46.835672617
ppo_cinf_s8,492.1,2026-09-14 04:23:54.016191483,2026-09-14 04:32:06.083727360
ppo_cinf_s9,490.4,2026-09-14 04:24:18.098872900,2026-09-14 04:32:28.478535652
ppo_loyo2015_c2_s0,210.9,2026-09-14 05:26:51.326439619,2026-09-14 05:30:22.255441189
ppo_loyo2015_c2_s1,210.6,2026-09-14 05:26:51.345162153,2026-09-14 05:30:21.939302444
ppo_loyo2015_c2_s2,211.5,2026-09-14 05:26:51.364238024,2026-09-14 05:30:22.908295155
ppo_loyo2015_c2_s3,202.2,2026-09-14 05:30:24.059328079,2026-09-14 05:33:46.297109604
ppo_loyo2015_c2_s4,202.0,2026-09-14 05:30:24.076822996,2026-09-14 05:33:46.104339838
ppo_loyo2015_cinf_s0,692.2,2026-09-14 01:47:18.147948265,2026-09-14 01:58:50.336032152
ppo_loyo2015_cinf_s1,689.9,2026-09-14 01:47:18.233648300,2026-09-14 01:58:48.147093296
ppo_loyo2016_c2_s0,200.9,2026-09-14 05:30:24.095601320,2026-09-14 05:33:44.966096640
ppo_loyo2016_c2_s1,201.0,2026-09-14 05:33:46.720565081,2026-09-14 05:37:07.682178020
ppo_loyo2016_c2_s2,202.6,2026-09-14 05:33:46.746877432,2026-09-14 05:37:09.305838108
ppo_loyo2016_c2_s3,200.7,2026-09-14 05:33:48.780129194,2026-09-14 05:37:09.444158554
ppo_loyo2016_c2_s4,206.5,2026-09-14 05:37:09.464708090,2026-09-14 05:40:35.963956833
ppo_loyo2017_c2_s0,207.7,2026-09-14 05:37:11.503588676,2026-09-14 05:40:39.191649437
ppo_loyo2017_c2_s1,207.7,2026-09-14 05:37:11.526484728,2026-09-14 05:40:39.214833736
ppo_loyo2017_c2_s2,201.6,2026-09-14 05:40:38.308420181,2026-09-14 05:43:59.898597002
ppo_loyo2017_c2_s3,201.6,2026-09-14 05:40:40.340399981,2026-09-14 05:44:01.979172230
ppo_loyo2017_c2_s4,201.0,2026-09-14 05:40:40.361754417,2026-09-14 05:44:01.358376265
ppo_loyo2018_c2_s0,217.8,2026-09-14 05:44:01.063052654,2026-09-14 05:47:38.832969904
ppo_loyo2018_c2_s1,219.7,2026-09-14 05:44:03.087791204,2026-09-14 05:47:42.762547016
ppo_loyo2018_c2_s2,217.8,2026-09-14 05:44:03.107991695,2026-09-14 05:47:40.882337570
ppo_loyo2018_c2_s3,235.8,2026-09-14 05:47:39.871737719,2026-09-14 05:51:35.658752203
ppo_loyo2018_c2_s4,235.2,2026-09-14 05:47:41.899695635,2026-09-14 05:51:37.071519136
ppo_loyo2019_c2_s0,234.7,2026-09-14 05:47:43.963260651,2026-09-14 05:51:38.690589428
ppo_loyo2019_c2_s1,273.8,2026-09-14 05:51:38.526957989,2026-09-14 05:56:12.289020777
ppo_loyo2019_c2_s2,274.4,2026-09-14 05:51:38.622142076,2026-09-14 05:56:13.013714075
ppo_loyo2019_c2_s3,274.8,2026-09-14 05:51:40.692770243,2026-09-14 05:56:15.489047289
ppo_loyo2019_c2_s4,266.1,2026-09-14 05:56:13.278312445,2026-09-14 06:00:39.423124552
ppo_loyo2020_c2_s0,263.2,2026-09-14 05:56:15.313525915,2026-09-14 06:00:38.538472652
ppo_loyo2020_c2_s1,264.5,2026-09-14 05:56:17.351737261,2026-09-14 06:00:41.835333824
ppo_loyo2020_c2_s2,291.1,2026-09-14 06:00:39.894334078,2026-09-14 06:05:31.006423950
ppo_loyo2020_c2_s3,291.2,2026-09-14 06:00:41.935553789,2026-09-14 06:05:33.113174200
ppo_loyo2020_c2_s4,292.3,2026-09-14 06:00:43.999745369,2026-09-14 06:05:36.330068111
ppo_loyo2021_c2_s0,320.4,2026-09-14 06:05:32.684561253,2026-09-14 06:10:53.076709509
ppo_loyo2021_c2_s1,318.8,2026-09-14 06:05:34.718507767,2026-09-14 06:10:53.548092127
ppo_loyo2021_c2_s2,318.9,2026-09-14 06:05:38.756928444,2026-09-14 06:10:57.670782328
ppo_loyo2021_c2_s3,260.3,2026-09-14 06:10:55.405152559,2026-09-14 06:15:15.678985834
ppo_loyo2021_c2_s4,261.3,2026-09-14 06:10:55.426454306,2026-09-14 06:15:16.704907179
ppo_loyo2022_c2_s0,258.9,2026-09-14 06:10:59.517505646,2026-09-14 06:15:18.378113031
ppo_loyo2022_c2_s1,235.2,2026-09-14 06:15:18.057422876,2026-09-14 06:19:13.209041357
ppo_loyo2022_c2_s2,234.1,2026-09-14 06:15:18.077166796,2026-09-14 06:19:12.223240852
ppo_loyo2022_c2_s3,232.5,2026-09-14 06:15:20.104279280,2026-09-14 06:19:12.644994974
ppo_loyo2022_c2_s4,141.0,2026-09-14 06:19:14.627386570,2026-09-14 06:21:35.590835810
